Study ID,Patient ID,Sample ID,Age at Diagnosis,Cancer Type,Cancer Type Detailed,Impact TMB Score,Driver1 Allelic Imbalance,Driver1 CCF,Driver1 Cellular Fraction,Driver1 Clonal Call,Driver1 Expected Mutant Copies,Driver1 Facets Ploidy Call,Driver1 LCN,Driver1 Mutation,Driver1 TCN,Driver2 Allelic Imbalance,Driver2 CCF,Driver2 Cellular Fraction,Driver2 Clonal Call,Driver2 Expected Mutant Copies,Driver2 Facets Ploidy Call,Driver2 LCN,Driver2 Mutation,Driver2 TCN,Fraction Genome Altered,Genomic QC,Group,Highest Level OncoKB,Metastatic Status,Metastasis at Diagnosis,Metastatic Site,MSI Score,MSI Type,Mutation Count,Oncotree Code,Primary Tumor Site,Number of Samples Per Patient,Sample coverage,Sample Type,Sex,Stage at Diagnosis,Survival Status,Tumor Location (Proximal vs. Distal),Tumor Purity,WGD
crc_dd_2022,P-0001237,P-0001237-T01-IM3,46,Colorectal Cancer,Mucinous Adenocarcinoma of the Colon and Rectum,75,No,1,1,Clonal,1.2,DIPLOID,1,BRAF p.V600E,2,No,0.572,1,Subclonal,NA,DIPLOID,1,KRAS p.G13D,2,0.0939,PASS,Subclonal-Clonal,LEVEL_1,Yes,Yes,NA,29,Instable,67,MACR,Transverse Colon,1,210,Primary,Male,4,Alive,Proximal,40,FALSE
crc_dd_2022,P-0002475,P-0002475-T01-IM3,68,Colorectal Cancer,Colon Adenocarcinoma,10,No,1,1,Clonal,1.04,DIPLOID,1,KRAS p.G13D,2,No,0.872,1,Clonal,NA,DIPLOID,1,KRAS p.G12D,2,0.313,PASS,Clonal-Clonal,LEVEL_3B,Yes,No,NA,0.7,Stable,9,COAD,Rectosigmoid Colon,1,846,Primary,Female,3,Deceased,Distal,NA,FALSE
crc_dd_2022,P-0004783,P-0004783-T01-IM5,41,Colorectal Cancer,Rectal Adenocarcinoma,47.2,No,1,1,Clonal,1.31,DIPLOID,1,KRAS p.A59T,2,No,1,1,Clonal,1.48890174,DIPLOID,1,KRAS p.G12D,2,0.0037,PASS,Clonal-Clonal,LEVEL_4,Yes,No,NA,23.53,Instable,48,READ,Rectum,1,587,Primary,Male,3,Alive,Distal,40,FALSE
crc_dd_2022,P-0005230,P-0005230-T01-IM5,54,Colorectal Cancer,Colon Adenocarcinoma,63.9,NA,NA,NA,NA,NA,NA,NA,KRAS p.G12D,NA,NA,NA,NA,NA,NA,NA,NA,KRAS p.G13D,NA,0.0753,FAIL,NA,LEVEL_3B,No,NA,NA,14.14,Instable,65,COAD,Ascending Colon,1,562,Primary,Male,2,Alive,Proximal,30,NA
crc_dd_2022,P-0007592,P-0007592-T01-IM5,51,Colorectal Cancer,Colon Adenocarcinoma,8.9,No,0.99,1,Clonal,0.99,DIPLOID,1,NRAS p.Q61K,2,No,0.92,1,Clonal,0.919762365,DIPLOID,1,KRAS p.G12A,2,0.182,PASS,Clonal-Clonal,LEVEL_3B,Yes,No,NA,0.17,Stable,9,COAD,Ascending Colon,1,856,Primary,Male,2,Alive,Proximal,NA,FALSE
crc_dd_2022,P-0008729,P-0008729-T01-IM5,78,Colorectal Cancer,Colon Adenocarcinoma,49.2,No,0.77,1,Subclonal,NA,DIPLOID,1,BRAF p.V600E,2,Yes,0.636,0.36,Indeterminate,NA,HETLOSS,0,KRAS p.G12D,1,0.0486,PASS,Indeterminate-Subclonal,LEVEL_1,No,NA,NA,33.56,Instable,51,COAD,Ascending Colon,1,976,Primary,Male,2,Alive,Proximal,60,FALSE
crc_dd_2022,P-0010007,P-0010007-T01-IM5,56,Colorectal Cancer,Colon Adenocarcinoma,7.9,Yes,1,0.04,Indeterminate,1.03,GAIN,1,KRAS p.G12A,3,Yes,0.336,0.04,Indeterminate,NA,GAIN,1,KRAS p.G12V,3,0.0513,PASS,Indeterminate-Indeterminate,LEVEL_3B,Yes,Yes,NA,0.08,Stable,8,COAD,Ascending Colon,1,1020,Primary,Female,4,Deceased,Proximal,30,FALSE
crc_dd_2022,P-0015416,P-0015416-T01-IM6,32,Colorectal Cancer,Colon Adenocarcinoma,105.3,No,1,1,Clonal,1.29,DIPLOID,1,KRAS p.A59T,2,No,0.92,1,Clonal,0.920098675,DIPLOID,1,KRAS p.G12D,2,0.033,PASS,Clonal-Clonal,LEVEL_3B,No,NA,NA,37.6,Instable,120,COAD,Colon,1,935,Primary,Male,3,Alive,Distal,60,FALSE
crc_dd_2022,P-0016091,P-0016091-T01-IM6,48,Colorectal Cancer,Colorectal Adenocarcinoma,8.8,No,0.95,1,Clonal,0.95,DIPLOID,1,KRAS p.A146T,2,Yes,0.723,0.62,Subclonal,NA,HETLOSS,0,NRAS p.G12A,1,0.4698,PASS,Subclonal-Clonal,LEVEL_3B,Yes,Yes,Liver,0.64,Stable,10,COADREAD,Colon,1,565,Metastasis,Male,4,Deceased,Proximal,60,FALSE
crc_dd_2022,P-0019880,P-0019880-T01-IM6,86,Colorectal Cancer,Colon Adenocarcinoma,7,NA,NA,NA,NA,NA,NA,NA,KRAS p.G12S,NA,NA,NA,NA,NA,NA,NA,NA,KRAS p.G13D,NA,0.0134,FAIL,NA,LEVEL_4,Yes,No,Lung,0.14,Stable,8,COAD,Colon,1,546,Metastasis,Female,Early stage (1-2),Deceased,Distal,10,NA
crc_dd_2022,P-0021518,P-0021518-T01-IM6,67,Colorectal Cancer,Colon Adenocarcinoma,13.2,No,1,1,Clonal,1.03,DIPLOID,1,NRAS p.G13D,2,No,0.956,1,Clonal,0.955948452,DIPLOID,1,KRAS p.G12C,2,0.2875,PASS,Clonal-Clonal,LEVEL_3B,Yes,Yes,Liver,0.77,Stable,15,COAD,Colon,1,778,Metastasis,Female,4,Deceased,Proximal,30,FALSE
crc_dd_2022,P-0025161,P-0025161-T01-IM6,40,Colorectal Cancer,Colorectal Adenocarcinoma,9.7,No,0.98,1,Clonal,0.98,DIPLOID,1,KRAS p.G12D,2,No,0.148,1,Subclonal,NA,DIPLOID,1,KRAS p.G12V,2,0.1644,PASS,Clonal-Subclonal,LEVEL_3B,Yes,Yes,NA,0.39,Stable,11,COADREAD,Colon,1,706,Primary,Male,4,Alive,Distal,20,FALSE
crc_dd_2022,P-0025362,P-0025362-T01-IM6,62,Colorectal Cancer,Rectal Adenocarcinoma,8.8,No,0.94,0.4,Clonal,1.89,TETRAPLOID,2,KRAS p.A146T,4,Yes,0.415,0.47,Subclonal,NA,CNLOH BEFORE & LOSS,0,NRAS p.Q61K,3,0.4997,PASS,Subclonal-Clonal,LEVEL_3B,Yes,Yes,NA,0.81,Stable,10,READ,Rectum,1,857,Primary,Female,4,Alive,Distal,30,TRUE
crc_dd_2022,P-0027427,P-0027427-T01-IM6,48,Colorectal Cancer,Colon Adenocarcinoma,7.9,Yes,1,0.14,Indeterminate,1.49,GAIN,1,KRAS p.G12D,3,Yes,0.87,0.14,Indeterminate,0.869974706,GAIN,1,KRAS p.G12V,3,0.0003,PASS,Indeterminate-Indeterminate,LEVEL_3B,No,NA,NA,0.47,Stable,9,COAD,Colon,1,1030,Primary,Male,1,Alive,Distal,50,FALSE
crc_dd_2022,P-0028274,P-0028274-T01-IM6,56,Colorectal Cancer,Colon Adenocarcinoma,50.9,No,0.78,1,Clonal,NA,DIPLOID,1,KRAS p.V14I,2,No,0.782,1,Clonal,NA,DIPLOID,1,KRAS p.G13D,2,0.0293,PASS,Clonal-Clonal,LEVEL_4,Yes,Yes,NA,12.22,Instable,58,COAD,Colon,1,627,Primary,Male,4,Alive,Proximal,40,FALSE
crc_dd_2022,P-0033060,P-0033060-T01-IM6,76,Colorectal Cancer,Colon Adenocarcinoma,7,NA,0.54,0.13,Indeterminate,NA,HOMDEL,0,KRAS p.G12C,0,NA,0.086,0.13,Indeterminate,NA,HOMDEL,0,KRAS p.G12V,0,0.1896,PASS,Indeterminate-Indeterminate,LEVEL_2,Yes,Yes,NA,0.27,Stable,8,COAD,Ascending Colon,1,700,Primary,Female,4,Alive,Proximal,40,FALSE
crc_dd_2022,P-0033100,P-0033100-T01-IM6,64,Colorectal Cancer,Colon Adenocarcinoma,68.5,No,0.67,1,Subclonal,NA,DIPLOID,1,KRAS p.G13D,2,No,0.244,1,Subclonal,NA,DIPLOID,1,KRAS p.G12C,2,0.0044,PASS,Subclonal-Subclonal,LEVEL_3B,Yes,Yes,NA,40.97,Instable,78,COAD,Colon,1,548,Primary,Male,4,Alive,Proximal,50,FALSE
crc_dd_2022,P-0033196,P-0033196-T01-IM6,65,Colorectal Cancer,Colon Adenocarcinoma,14,Yes,1,0.44,Clonal,2.02,GAIN,1,KRAS p.G13D,3,Yes,0.206,0.44,Subclonal,NA,GAIN,1,KRAS p.G12D,3,0.1198,PASS,Clonal-Subclonal,LEVEL_3B,Yes,Yes,NA,0.13,Stable,16,COAD,Ascending Colon,1,534,Primary,Female,4,Alive,Proximal,40,FALSE
crc_dd_2022,P-0034332,P-0034332-T01-IM6,51,Colorectal Cancer,Colon Adenocarcinoma,3.5,No,0.95,1,Clonal,0.95,DIPLOID,1,KRAS p.V14I,2,No,0.945,1,Clonal,0.945332431,DIPLOID,1,KRAS p.G12V,2,0.2408,PASS,Clonal-Clonal,LEVEL_4,Yes,Yes,NA,0.74,Stable,4,COAD,Sigmoid Colon,1,788,Primary,Female,4,Alive,Distal,30,FALSE
crc_dd_2022,P-0034499,P-0034499-T01-IM6,62,Colorectal Cancer,Colon Adenocarcinoma,6.1,No,0.79,1,Subclonal,NA,DIPLOID,1,KRAS p.G12C,2,No,0.315,1,Subclonal,NA,DIPLOID,1,NRAS p.G12A,2,0.3292,PASS,Subclonal-Subclonal,LEVEL_3B,Yes,Yes,NA,0.11,Stable,7,COAD,Sigmoid Colon,1,569,Primary,Male,4,Alive,Distal,60,FALSE
crc_dd_2022,P-0034973,P-0034973-T01-IM6,66,Colorectal Cancer,Colorectal Adenocarcinoma,11.4,Yes,0.98,0.4,Clonal,1.96,GAIN,1,KRAS p.G12D,3,Yes,0.145,0.4,Subclonal,NA,GAIN,1,KRAS p.G12V,3,0.1877,PASS,Clonal-Subclonal,LEVEL_3B,No,NA,NA,0.22,Stable,13,COADREAD,Ascending Colon,1,471,Primary,Male,2,Alive,Proximal,50,FALSE
crc_dd_2022,P-0035916,P-0035916-T01-IM6,75,Colorectal Cancer,Colorectal Adenocarcinoma,65,NA,NA,NA,NA,NA,NA,NA,NRAS p.G12S,NA,NA,NA,NA,NA,NA,NA,NA,BRAF p.V600E,NA,0,FAIL,NA,LEVEL_1,No,NA,NA,47.8,Instable,74,COADREAD,Colon,1,529,Primary,Male,2,Alive,Proximal,20,NA
crc_dd_2022,P-0036503,P-0036503-T01-IM6,30,Colorectal Cancer,Colon Adenocarcinoma,123.8,NA,NA,NA,NA,NA,NA,NA,KRAS p.K117N,NA,NA,NA,NA,NA,NA,NA,NA,KRAS p.V14I,NA,0,FAIL,NA,LEVEL_3B,No,NA,NA,0.07,Stable,140,COAD,Sigmoid Colon,1,409,Primary,Male,3,Alive,Distal,20,NA
crc_dd_2022,P-0036892,P-0036892-T01-IM6,52,Colorectal Cancer,Colon Adenocarcinoma,9.7,No,0.31,1,Subclonal,NA,DIPLOID,1,KRAS p.G12V,2,No,0.17,1,Subclonal,NA,DIPLOID,1,KRAS p.G12R,2,0.0722,PASS,Subclonal-Subclonal,LEVEL_3B,No,NA,NA,0.05,Stable,11,COAD,Ascending Colon,1,359,Primary,Female,2,Alive,Proximal,40,FALSE
crc_dd_2022,P-0037410,P-0037410-T01-IM6,48,Colorectal Cancer,Colon Adenocarcinoma,102.7,NA,0.57,NA,Indeterminate,NA,DIPLOID or CNLOH,NA,KRAS p.G13D,2,NA,0.45,NA,Indeterminate,NA,DIPLOID or CNLOH,NA,KRAS p.G12D,2,0.0336,PASS,Indeterminate-Indeterminate,LEVEL_3B,No,NA,NA,43.77,Instable,117,COAD,Ascending Colon,1,498,Primary,Female,3,Alive,Proximal,20,FALSE
crc_dd_2022,P-0037482,P-0037482-T01-IM6,33,Colorectal Cancer,Colon Adenocarcinoma,3.5,Yes,0.84,0.35,Clonal,NA,CNLOH AFTER,1,KRAS p.G13D,4,Yes,0.18,0.35,Subclonal,NA,CNLOH AFTER,1,KRAS p.G12D,4,0.485,PASS,Clonal-Subclonal,LEVEL_4,Yes,Yes,NA,0.07,Stable,4,COAD,Sigmoid Colon,1,514,Primary,Female,4,Alive,Distal,50,TRUE
crc_dd_2022,P-0037971,P-0037971-T01-IM6,90,Colorectal Cancer,Colon Adenocarcinoma,7,No,1,1,Clonal,1.22,DIPLOID,1,NRAS p.G12D,2,No,0.12,1,Subclonal,NA,DIPLOID,1,KRAS p.G12D,2,0.1928,PASS,Clonal-Subclonal,LEVEL_3B,Yes,Yes,NA,0.24,Stable,8,COAD,Colon,1,799,Primary,Male,4,Deceased,Proximal,40,FALSE
crc_dd_2022,P-0038290,P-0038290-T01-IM6,51,Colorectal Cancer,Colon Adenocarcinoma,5.3,No,0.35,1,Subclonal,NA,DIPLOID,1,KRAS p.G12V,2,No,0.25,1,Subclonal,NA,DIPLOID,1,KRAS p.G12C,2,0.0006,PASS,Subclonal-Subclonal,LEVEL_3B,No,NA,NA,0,Stable,6,COAD,Rectum,1,692,Primary,Male,3,Alive,Distal,20,FALSE
crc_dd_2022,P-0038423,P-0038423-T01-IM6,47,Colorectal Cancer,Colon Adenocarcinoma,9.7,No,1,1,Clonal,1.21,DIPLOID,1,NRAS p.G13V,2,No,1,1,Clonal,1.05,DIPLOID,1,NRAS p.G12V,2,0.1673,PASS,Clonal-Clonal,LEVEL_3B,No,NA,NA,0.32,Stable,11,COAD,Ascending Colon,1,773,Primary,Female,1,Alive,Proximal,50,FALSE
crc_dd_2022,P-0038548,P-0038548-T01-IM6,81,Colorectal Cancer,Rectal Adenocarcinoma,15.8,Yes,0.85,0.25,Clonal,NA,LOSS AFTER,1,KRAS p.G13D,3,Yes,0.8,0.25,Clonal,NA,LOSS AFTER,1,KRAS p.G12D,3,0.2841,PASS,Clonal-Clonal,LEVEL_4,Yes,Yes,NA,0.06,Stable,18,READ,Rectum,1,594,Primary,Male,4,Alive,Distal,30,TRUE
crc_dd_2022,P-0039163,P-0039163-T03-IM6,36,Colorectal Cancer,Colon Adenocarcinoma,23.7,Yes,0.94,0.38,Clonal,1.87,GAIN,1,KRAS p.G12D,3,Yes,0.26,0.38,Subclonal,NA,GAIN,1,KRAS p.K117N,3,0.1201,PASS,Subclonal-Clonal,LEVEL_4,Yes,Yes,NA,0.42,Stable,27,COAD,Descending,1,673,Primary,Male,4,Alive,Distal,30,FALSE
crc_dd_2022,P-0039691,P-0039691-T01-IM6,51,Colorectal Cancer,Colon Adenocarcinoma In Situ,12.3,NA,NA,NA,Indeterminate,NA,NA,NA,KRAS p.G13D,NA,NA,NA,NA,Indeterminate,NA,NA,NA,KRAS p.G12A,NA,0.1791,PASS,Indeterminate-Indeterminate,LEVEL_4,Yes,No,NA,0.13,Stable,14,CAIS,Rectum,1,464,Primary,Male,Early stage (1-2),Alive,Distal,50,FALSE
crc_dd_2022,P-0040460,P-0040460-T01-IM6,36,Colorectal Cancer,Colon Adenocarcinoma,6.1,Yes,1,0.38,Clonal,2.36,CNLOH,0,KRAS p.G13D,2,Yes,0.11,0.38,Subclonal,NA,CNLOH,0,KRAS p.G12C,2,0.1429,PASS,Clonal-Subclonal,LEVEL_3B,Yes,No,NA,0,Stable,7,COAD,Colon,1,690,Primary,Male,3,Deceased,Proximal,20,FALSE
crc_dd_2022,P-0040508,P-0040508-T01-IM6,48,Colorectal Cancer,Rectal Adenocarcinoma,9.7,No,0.86,1,Clonal,0.86,DIPLOID,1,KRAS p.G12V,2,No,0.52,1,Subclonal,NA,DIPLOID,1,KRAS p.A146T,2,0.1246,PASS,Subclonal-Clonal,LEVEL_4,No,NA,NA,0.05,Stable,11,READ,Rectum,1,647,Primary,Female,2,Alive,Distal,30,FALSE
crc_dd_2022,P-0040977,P-0040977-T01-IM6,47,Colorectal Cancer,Rectal Adenocarcinoma,11.4,No,1,1,Clonal,1.2,DIPLOID,1,KRAS p.G12S,2,No,0.47,1,Subclonal,NA,DIPLOID,1,KRAS p.G12D,2,0.0137,PASS,Subclonal-Clonal,LEVEL_4,No,NA,NA,0,Stable,13,READ,Rectum,1,666,Primary,Female,3,Alive,Distal,20,FALSE
crc_dd_2022,P-0041323,P-0041323-T01-IM6,58,Colorectal Cancer,Colon Adenocarcinoma,7,No,0.6,1,Subclonal,NA,DIPLOID,1,KRAS p.A146T,2,No,0.26,1,Subclonal,NA,DIPLOID,1,NRAS p.Q61K,2,0.0513,PASS,Subclonal-Subclonal,LEVEL_3B,No,NA,NA,0,Stable,8,COAD,Cecum,1,502,Primary,Female,2,Alive,Proximal,60,FALSE
crc_dd_2022,P-0043371,P-0043371-T01-IM6,78,Colorectal Cancer,Colon Adenocarcinoma,10.5,Yes,1,0.45,Clonal,1.26,LOSS AFTER,1,NRAS p.G13V,3,Yes,0.78,0.53,Subclonal,NA,LOSS AFTER,1,KRAS p.G12D,3,0.1389,PASS,Clonal-Subclonal,LEVEL_3B,Yes,Yes,NA,0.39,Stable,12,COAD,Ascending Colon,1,712,Primary,Female,4,Alive,Proximal,60,TRUE
crc_dd_2022,P-0043580,P-0043580-T01-IM6,68,Colorectal Cancer,Colon Adenocarcinoma,14.9,Yes,0.88,0.05,Indeterminate,3.51,GAIN,1,KRAS p.G13D,3,Yes,0.3,0.05,Indeterminate,NA,GAIN,1,KRAS p.V14I,3,0.0029,PASS,Indeterminate-Indeterminate,LEVEL_4,No,NA,NA,0,Stable,17,COAD,Ascending Colon,1,514,Primary,Male,2,Alive,Proximal,50,FALSE
crc_dd_2022,P-0043718,P-0043718-T01-IM6,74,Colorectal Cancer,Rectal Adenocarcinoma,14.9,No,0.65,1,Subclonal,NA,DIPLOID,1,KRAS p.G13D,2,No,0.29,1,Subclonal,NA,DIPLOID,1,KRAS p.G12S,2,0.0019,PASS,Subclonal-Subclonal,LEVEL_4,No,NA,NA,0,Stable,16,READ,Rectum,1,439,Primary,Female,3,Alive,Distal,10,FALSE
crc_dd_2022,P-0044184,P-0044184-T01-IM6,57,Colorectal Cancer,Colon Adenocarcinoma,65.8,No,0.3,1,Subclonal,NA,DIPLOID,1,KRAS p.A146T,2,No,0.14,1,Subclonal,NA,DIPLOID,1,KRAS p.K117N,2,0.0019,PASS,Subclonal-Subclonal,LEVEL_3B,No,NA,NA,21.87,Instable,75,COAD,Colon,1,731,Primary,Female,2,Alive,Proximal,20,FALSE
crc_dd_2022,P-0047886,P-0047886-T01-IM6,32,Colorectal Cancer,Rectal Adenocarcinoma,65,No,0.77,1,Subclonal,NA,DIPLOID,1,KRAS p.G12D,2,No,0.21,1,Subclonal,NA,DIPLOID,1,KRAS p.G13D,2,0.025,PASS,Subclonal-Subclonal,LEVEL_3B,Yes,Yes,NA,40.57,Instable,74,READ,Rectum,1,626,Primary,Male,4,Alive,Distal,10,FALSE
crc_dd_2022,P-0048081,P-0048081-T01-IM6,57,Colorectal Cancer,Colon Adenocarcinoma,19.3,No,0.93,1,Clonal,0.93,DIPLOID,1,KRAS p.Q61H,2,No,0.26,1,Subclonal,NA,DIPLOID,1,KRAS p.G13D,2,0.0938,PASS,Clonal-Subclonal,LEVEL_3B,Yes,Yes,NA,0.13,Stable,22,COAD,Colon,1,615,Primary,Female,4,Alive,Proximal,40,FALSE
crc_dd_2022,P-0048091,P-0048091-T01-IM6,39,Colorectal Cancer,Colon Adenocarcinoma,4.4,Yes,0.89,0.53,Clonal,NA,LOSS BEFORE,0,NRAS p.G12D,2,No,0.17,0.51,Subclonal,NA,TETRAPLOID,2,KRAS p.G12V,4,0.4363,PASS,Clonal-Subclonal,LEVEL_3B,No,NA,NA,0.89,Stable,5,COAD,Sigmoid Colon,1,510,Primary,Female,1,Alive,Distal,30,TRUE
crc_dd_2022,P-0048215,P-0048215-T01-IM6,50,Colorectal Cancer,Rectal Adenocarcinoma,415.2,No,0.97,1,Clonal,0.97,DIPLOID,1,KRAS p.A59T,2,No,0.5,1,Subclonal,NA,DIPLOID,1,KRAS p.G13D,2,0.0184,PASS,Clonal-Subclonal,LEVEL_3B,Yes,Yes,NA,0.06,Stable,472,READ,Rectum,1,723,Primary,Male,4,Alive,Distal,30,FALSE
crc_dd_2022,P-0053162,P-0053162-T01-IM6,75,Colorectal Cancer,Colon Adenocarcinoma,11.4,No,0.81,1,Clonal,0.81,DIPLOID,1,KRAS p.G12D,2,No,0.23,1,Subclonal,NA,DIPLOID,1,KRAS p.G12V,2,0.1076,PASS,Clonal-Subclonal,LEVEL_4,Yes,Yes,NA,0.11,Stable,13,COAD,Cecum,1,400,Primary,Male,4,Alive,Proximal,30,FALSE
crc_dd_2022,P-0061563,P-0061563-T01-IM7,58,Colorectal Cancer,Colon Adenocarcinoma,6.6,No,1,1,Clonal,1.01,DIPLOID,1,KRAS p.G12D,2,Yes,0.69,0.23,Indeterminate,NA,HETLOSS,0,NRAS p.G13V,1,0.2023,PASS,Indeterminate-Clonal,NA,Yes,NA,Liver,3.53,Stable,8,COAD,Ascending Colon,1,315,Metastasis,Female,4,Alive,Proximal,50,FALSE
crc_dd_2022,C_XPMDEU,s_C_XPMDEU_P001_d,89,Colorectal Cancer,Colon Adenocarcinoma,3.00E-12,No,0.921,1,Clonal,0.92,DOUBLE LOSS AFTER,1,NRAS p.G12V,2,Yes,0.77,0.26,Indeterminate,NA,LOSS AFTER,1,KRAS p.G12D,3,0.3144,PASS,Clonal-Indeterminate,NA,NA,NA,Liver,NA,Stable,11,COAD,Descending,1,NA,Metastasis,Female,4,Deceased,Distal,NA,TRUE