Study ID,Patient ID,Sample ID,Diagnosis Age,American Joint Committee on Cancer Metastasis Stage Code,Neoplasm Disease Lymph Node Stage American Joint Committee on Cancer Code,Neoplasm Disease Stage American Joint Committee on Cancer Code,American Joint Committee on Cancer Publication Version Type,American Joint Committee on Cancer Tumor Stage Code,Cancer Type,Cancer Type Detailed,Neoplasm American Joint Committee on Cancer Clinical Group Stage,Neoplasm American Joint Committee on Cancer Clinical Distant Metastasis M Stage,Neoplasm American Joint Committee on Cancer Clinical Regional Lymph Node N Stage,Neoplasm American Joint Committee on Cancer Clinical Primary Tumor T Stage,Laboratory procedure creatinine result lower limit of normal value,Laboratory procedure creatinine result upper limit of normal value,Last Communication Contact from Initial Pathologic Diagnosis Date,Days to Sample Collection.,Last Alive Less Initial Pathologic Diagnosis Date Calculated Day Value,Days to Sample Procurement,Disease Free (Months),Disease Free Status,Disease code,Performance Status,Ethnicity Category,Lymphomatous Extranodal Site Involvement Indicator,Family History Cancer Relationship,Family History Cancer Type,Form completion date,Fraction Genome Altered,Neoplasm Histologic Type Name,Neoadjuvant Therapy Type Administered Prior To Resection Text,Prior Cancer Diagnosis Occurence,ICD-10 Classification,"International Classification of Diseases for Oncology, Third Edition ICD-O-3 Histology Code","International Classification of Diseases for Oncology, Third Edition ICD-O-3 Site Code",Informed consent verified,Year Cancer Initial Diagnosis,Is FFPE,Karnofsky Performance Score,Primary Tumor Laterality,Longest Dimension,First Pathologic Diagnosis Biospecimen Acquisition Method Type,Mutation Count,New Neoplasm Event Post Initial Therapy Indicator,Occupation Primary,Occupation Primary Years Worked,Oct embedded,Oncotree Code,Overall Survival (Months),Overall Survival Status,Specimen Collection Method,Other Patient ID,Other Sample ID,Pathology Report File Name,Pathology report uuid,Performance Status Assessment Timepoint Category,Adjuvant Postoperative Pharmaceutical Therapy Administered Indicator,Project code,Tissue Prospective Collection Indicator,Race Category,Did patient start adjuvant postoperative radiotherapy?,Surgical Margin Resection Status,Tissue Retrospective Collection Indicator,Number of Samples Per Patient,Sample Initial Weight,Sample Type,Sample type id,Sex,Shortest Dimension,Tumor Tissue Site,Somatic Status,Specimen Current Weight,Specimen Freezing Means,Specimen Second Longest Dimension,Stage Other,Time between clamping and freezing,Time between excision and freezing,Tissue Source Site,TMB (nonsynonymous),Person Neoplasm Status,Vial number,Cause of death source,History Asbestos Exposure,Lymph nodes examined positive,Overall Patient Histology,Recurrence,Site of Recurrence,Stage,Treatment prior to surgery
plmeso_nyu_2015,NYU1162,NYU1162,58,NA,NA,NA,NA,NA,Mesothelioma,Pleural Mesothelioma,NA,NA,NA,NA,NA,NA,NA,NA,NA,NA,NA,NA,NA,NA,NA,NA,NA,NA,NA,NA,NA,NA,NA,NA,NA,NA,NA,NA,NA,NA,NA,NA,NA,17,NA,NA,NA,NA,PLMESO,1,1:DECEASED,NA,NA,NA,NA,NA,NA,NA,NA,NA,NA,NA,NA,NA,1,NA,NA,NA,Male,NA,NA,Matched,NA,NA,NA,NA,NA,NA,NA,0.5666666667,NA,NA,Post op PE,Yes,Yes,Epithelial,NA,Died Postop,3,Platinum-pemetrexed treatment
plmeso_nyu_2015,NYU1189,NYU1189,76,NA,NA,NA,NA,NA,Mesothelioma,Pleural Mesothelioma,NA,NA,NA,NA,NA,NA,NA,NA,NA,NA,NA,NA,NA,NA,NA,NA,NA,NA,NA,NA,NA,NA,NA,NA,NA,NA,NA,NA,NA,NA,NA,NA,NA,7,NA,NA,NA,NA,PLMESO,13,1:DECEASED,NA,NA,NA,NA,NA,NA,NA,NA,NA,NA,NA,NA,NA,1,NA,NA,NA,Male,NA,NA,Matched,NA,NA,NA,NA,NA,NA,NA,0.2333333333,NA,NA,Progression,Yes,No,Epithelial,Yes,Local Ribs,2,No
plmeso_nyu_2015,NYU1245,NYU1245,62,NA,NA,NA,NA,NA,Mesothelioma,Pleural Mesothelioma,NA,NA,NA,NA,NA,NA,NA,NA,NA,NA,NA,NA,NA,NA,NA,NA,NA,NA,NA,NA,NA,NA,NA,NA,NA,NA,NA,NA,NA,NA,NA,NA,NA,10,NA,NA,NA,NA,PLMESO,22,1:DECEASED,NA,NA,NA,NA,NA,NA,NA,NA,NA,NA,NA,NA,NA,1,NA,NA,NA,Male,NA,NA,Matched,NA,NA,NA,NA,NA,NA,NA,0.3333333333,NA,NA,Progression,Yes,No,Desmoplastic,Yes,"Local, Contralateral",3,No
plmeso_nyu_2015,NYU1283,NYU1283,71,NA,NA,NA,NA,NA,Mesothelioma,Pleural Mesothelioma,NA,NA,NA,NA,NA,NA,NA,NA,NA,NA,NA,NA,NA,NA,NA,NA,NA,NA,NA,NA,NA,NA,NA,NA,NA,NA,NA,NA,NA,NA,NA,NA,NA,25,NA,NA,NA,NA,PLMESO,6,1:DECEASED,NA,NA,NA,NA,NA,NA,NA,NA,NA,NA,NA,NA,NA,1,NA,NA,NA,Male,NA,NA,Matched,NA,NA,NA,NA,NA,NA,NA,0.8333333333,NA,NA,Progression,Yes,Yes,Biphasic,Yes,"Perciardium, Contralateral",3,Platinum-pemetrexed treatment
plmeso_nyu_2015,NYU1353,NYU1353,82,NA,NA,NA,NA,NA,Mesothelioma,Pleural Mesothelioma,NA,NA,NA,NA,NA,NA,NA,NA,NA,NA,NA,NA,NA,NA,NA,NA,NA,NA,NA,NA,NA,NA,NA,NA,NA,NA,NA,NA,NA,NA,NA,NA,NA,8,NA,NA,NA,NA,PLMESO,18,1:DECEASED,NA,NA,NA,NA,NA,NA,NA,NA,NA,NA,NA,NA,NA,1,NA,NA,NA,Male,NA,NA,Matched,NA,NA,NA,NA,NA,NA,NA,0.2666666667,NA,NA,Progression,Yes,No,Epithelial,Yes,"Local, Then Pulm Mets",1,No
plmeso_nyu_2015,NYU1363,NYU1363,67,NA,NA,NA,NA,NA,Mesothelioma,Pleural Mesothelioma,NA,NA,NA,NA,NA,NA,NA,NA,NA,NA,NA,NA,NA,NA,NA,NA,NA,NA,NA,NA,NA,NA,NA,NA,NA,NA,NA,NA,NA,NA,NA,NA,NA,16,NA,NA,NA,NA,PLMESO,11,1:DECEASED,NA,NA,NA,NA,NA,NA,NA,NA,NA,NA,NA,NA,NA,1,NA,NA,NA,Male,NA,NA,Matched,NA,NA,NA,NA,NA,NA,NA,0.5333333333,NA,NA,Progression,Yes,No,Epithelial,Yes,Pulm Mets,3,No
plmeso_nyu_2015,NYU1396,NYU1396,60,NA,NA,NA,NA,NA,Mesothelioma,Pleural Mesothelioma,NA,NA,NA,NA,NA,NA,NA,NA,NA,NA,NA,NA,NA,NA,NA,NA,NA,NA,NA,NA,NA,NA,NA,NA,NA,NA,NA,NA,NA,NA,NA,NA,NA,NA,NA,NA,NA,NA,PLMESO,15,1:DECEASED,NA,NA,NA,NA,NA,NA,NA,NA,NA,NA,NA,NA,NA,1,NA,NA,NA,Male,NA,NA,Matched,NA,NA,NA,NA,NA,NA,NA,0,NA,NA,Progression,Yes,No,Epithelial,Yes,Local,1,Platinum-pemetrexed treatment
plmeso_nyu_2015,NYU269,NYU269,76,NA,NA,NA,NA,NA,Mesothelioma,Pleural Mesothelioma,NA,NA,NA,NA,NA,NA,NA,NA,NA,NA,NA,NA,NA,NA,NA,NA,NA,NA,NA,NA,NA,NA,NA,NA,NA,NA,NA,NA,NA,NA,NA,NA,NA,3,NA,NA,NA,NA,PLMESO,60,0:LIVING,NA,NA,NA,NA,NA,NA,NA,NA,NA,NA,NA,NA,NA,1,NA,NA,NA,Male,NA,NA,Matched,NA,NA,NA,NA,NA,NA,NA,0.1,NA,NA,Alive,Yes,No,Epithelial,Yes,Local,1,Platinum-pemetrexed treatment
plmeso_nyu_2015,NYU274,NYU274,59,NA,NA,NA,NA,NA,Mesothelioma,Pleural Mesothelioma,NA,NA,NA,NA,NA,NA,NA,NA,NA,NA,NA,NA,NA,NA,NA,NA,NA,NA,NA,NA,NA,NA,NA,NA,NA,NA,NA,NA,NA,NA,NA,NA,NA,27,NA,NA,NA,NA,PLMESO,34,1:DECEASED,NA,NA,NA,NA,NA,NA,NA,NA,NA,NA,NA,NA,NA,1,NA,NA,NA,Male,NA,NA,Matched,NA,NA,NA,NA,NA,NA,NA,0.9,NA,NA,Progression,Yes,No,Epithelial,Yes,Abdomen,2,No
plmeso_nyu_2015,NYU321,NYU321,65,NA,NA,NA,NA,NA,Mesothelioma,Pleural Mesothelioma,NA,NA,NA,NA,NA,NA,NA,NA,NA,NA,NA,NA,NA,NA,NA,NA,NA,NA,NA,NA,NA,NA,NA,NA,NA,NA,NA,NA,NA,NA,NA,NA,NA,23,NA,NA,NA,NA,PLMESO,2,1:DECEASED,NA,NA,NA,NA,NA,NA,NA,NA,NA,NA,NA,NA,NA,1,NA,NA,NA,Male,NA,NA,Matched,NA,NA,NA,NA,NA,NA,NA,0.7666666667,NA,NA,Progression,Yes,Yes,Biphasic,Yes,Local,3,No
plmeso_nyu_2015,NYU460,NYU460,59,NA,NA,NA,NA,NA,Mesothelioma,Pleural Mesothelioma,NA,NA,NA,NA,NA,NA,NA,NA,NA,NA,NA,NA,NA,NA,NA,NA,NA,NA,NA,NA,NA,NA,NA,NA,NA,NA,NA,NA,NA,NA,NA,NA,NA,15,NA,NA,NA,NA,PLMESO,4,1:DECEASED,NA,NA,NA,NA,NA,NA,NA,NA,NA,NA,NA,NA,NA,1,NA,NA,NA,Male,NA,NA,Matched,NA,NA,NA,NA,NA,NA,NA,0.5,NA,NA,Progression,Yes,Yes,Epithelial,Yes,Abdomen,3,Platinum-pemetrexed treatment
plmeso_nyu_2015,NYU517,NYU517,75,NA,NA,NA,NA,NA,Mesothelioma,Pleural Mesothelioma,NA,NA,NA,NA,NA,NA,NA,NA,NA,NA,NA,NA,NA,NA,NA,NA,NA,NA,NA,NA,NA,NA,NA,NA,NA,NA,NA,NA,NA,NA,NA,NA,NA,24,NA,NA,NA,NA,PLMESO,7,1:DECEASED,NA,NA,NA,NA,NA,NA,NA,NA,NA,NA,NA,NA,NA,1,NA,NA,NA,Male,NA,NA,Matched,NA,NA,NA,NA,NA,NA,NA,0.8,NA,NA,Progression,Yes,NA,Epithelial,Yes,Contralateral Lung,4,No
plmeso_nyu_2015,NYU587,NYU587,56,NA,NA,NA,NA,NA,Mesothelioma,Pleural Mesothelioma,NA,NA,NA,NA,NA,NA,NA,NA,NA,NA,NA,NA,NA,NA,NA,NA,NA,NA,NA,NA,NA,NA,NA,NA,NA,NA,NA,NA,NA,NA,NA,NA,NA,21,NA,NA,NA,NA,PLMESO,25,1:DECEASED,NA,NA,NA,NA,NA,NA,NA,NA,NA,NA,NA,NA,NA,1,NA,NA,NA,Male,NA,NA,Matched,NA,NA,NA,NA,NA,NA,NA,0.7,NA,NA,Progression,Yes,No,Epithelial,Yes,Local,2,Platinum-pemetrexed treatment
plmeso_nyu_2015,NYU589,NYU589,64,NA,NA,NA,NA,NA,Mesothelioma,Pleural Mesothelioma,NA,NA,NA,NA,NA,NA,NA,NA,NA,NA,NA,NA,NA,NA,NA,NA,NA,NA,NA,NA,NA,NA,NA,NA,NA,NA,NA,NA,NA,NA,NA,NA,NA,2,NA,NA,NA,NA,PLMESO,10,1:DECEASED,NA,NA,NA,NA,NA,NA,NA,NA,NA,NA,NA,NA,NA,1,NA,NA,NA,Male,NA,NA,Matched,NA,NA,NA,NA,NA,NA,NA,0.06666666667,NA,NA,Progression,Yes,No,Epithelial,Yes,Abdomen,2,Platinum-pemetrexed treatment
plmeso_nyu_2015,NYU647,NYU647,63,NA,NA,NA,NA,NA,Mesothelioma,Pleural Mesothelioma,NA,NA,NA,NA,NA,NA,NA,NA,NA,NA,NA,NA,NA,NA,NA,NA,NA,NA,NA,NA,NA,NA,NA,NA,NA,NA,NA,NA,NA,NA,NA,NA,NA,23,NA,NA,NA,NA,PLMESO,3,1:DECEASED,NA,NA,NA,NA,NA,NA,NA,NA,NA,NA,NA,NA,NA,1,NA,NA,NA,Male,NA,NA,Matched,NA,NA,NA,NA,NA,NA,NA,0.7666666667,NA,NA,Progression,Yes,NA,Epithelial,Yes,Local,4,No
plmeso_nyu_2015,NYU658,NYU658,70,NA,NA,NA,NA,NA,Mesothelioma,Pleural Mesothelioma,NA,NA,NA,NA,NA,NA,NA,NA,NA,NA,NA,NA,NA,NA,NA,NA,NA,NA,NA,NA,NA,NA,NA,NA,NA,NA,NA,NA,NA,NA,NA,NA,NA,24,NA,NA,NA,NA,PLMESO,14,1:DECEASED,NA,NA,NA,NA,NA,NA,NA,NA,NA,NA,NA,NA,NA,1,NA,NA,NA,Male,NA,NA,Matched,NA,NA,NA,NA,NA,NA,NA,0.8,NA,NA,Progression,Yes,Yes,Epithelial,Yes,Local And Abdomen,3,Platinum-pemetrexed treatment
plmeso_nyu_2015,NYU695,NYU695,55,NA,NA,NA,NA,NA,Mesothelioma,Pleural Mesothelioma,NA,NA,NA,NA,NA,NA,NA,NA,NA,NA,NA,NA,NA,NA,NA,NA,NA,NA,NA,NA,NA,NA,NA,NA,NA,NA,NA,NA,NA,NA,NA,NA,NA,13,NA,NA,NA,NA,PLMESO,48,0:LIVING,NA,NA,NA,NA,NA,NA,NA,NA,NA,NA,NA,NA,NA,1,NA,NA,NA,Female,NA,NA,Matched,NA,NA,NA,NA,NA,NA,NA,0.4333333333,NA,NA,Alive,Yes,Yes,Biphasic,Yes,Local,3,No
plmeso_nyu_2015,NYU754,NYU754,58,NA,NA,NA,NA,NA,Mesothelioma,Pleural Mesothelioma,NA,NA,NA,NA,NA,NA,NA,NA,NA,NA,NA,NA,NA,NA,NA,NA,NA,NA,NA,NA,NA,NA,NA,NA,NA,NA,NA,NA,NA,NA,NA,NA,NA,24,NA,NA,NA,NA,PLMESO,40,0:LIVING,NA,NA,NA,NA,NA,NA,NA,NA,NA,NA,NA,NA,NA,1,NA,NA,NA,Male,NA,NA,Matched,NA,NA,NA,NA,NA,NA,NA,0.8,NA,NA,Alive,Yes,No,Epithelial,No,No,2,No
plmeso_nyu_2015,NYU872,NYU872,47,NA,NA,NA,NA,NA,Mesothelioma,Pleural Mesothelioma,NA,NA,NA,NA,NA,NA,NA,NA,NA,NA,NA,NA,NA,NA,NA,NA,NA,NA,NA,NA,NA,NA,NA,NA,NA,NA,NA,NA,NA,NA,NA,NA,NA,35,NA,NA,NA,NA,PLMESO,8,1:DECEASED,NA,NA,NA,NA,NA,NA,NA,NA,NA,NA,NA,NA,NA,1,NA,NA,NA,Male,NA,NA,Matched,NA,NA,NA,NA,NA,NA,NA,1.166666667,NA,NA,Progression,Yes,Yes,Epithelial,Yes,Local,3,No
plmeso_nyu_2015,NYU929,NYU929,53,NA,NA,NA,NA,NA,Mesothelioma,Pleural Mesothelioma,NA,NA,NA,NA,NA,NA,NA,NA,NA,NA,NA,NA,NA,NA,NA,NA,NA,NA,NA,NA,NA,NA,NA,NA,NA,NA,NA,NA,NA,NA,NA,NA,NA,13,NA,NA,NA,NA,PLMESO,9,1:DECEASED,NA,NA,NA,NA,NA,NA,NA,NA,NA,NA,NA,NA,NA,1,NA,NA,NA,Female,NA,NA,Matched,NA,NA,NA,NA,NA,NA,NA,0.4333333333,NA,NA,Progression,Yes,NA,Epithelial,Yes,Abdomen,4,Platinum-pemetrexed treatment
plmeso_nyu_2015,NYU937,NYU937,82,NA,NA,NA,NA,NA,Mesothelioma,Pleural Mesothelioma,NA,NA,NA,NA,NA,NA,NA,NA,NA,NA,NA,NA,NA,NA,NA,NA,NA,NA,NA,NA,NA,NA,NA,NA,NA,NA,NA,NA,NA,NA,NA,NA,NA,25,NA,NA,NA,NA,PLMESO,8,1:DECEASED,NA,NA,NA,NA,NA,NA,NA,NA,NA,NA,NA,NA,NA,1,NA,NA,NA,Male,NA,NA,Matched,NA,NA,NA,NA,NA,NA,NA,0.8333333333,NA,NA,Progression,Yes,NA,Epithelial,Yes,Local,2,No
plmeso_nyu_2015,NYU939,NYU939,50,NA,NA,NA,NA,NA,Mesothelioma,Pleural Mesothelioma,NA,NA,NA,NA,NA,NA,NA,NA,NA,NA,NA,NA,NA,NA,NA,NA,NA,NA,NA,NA,NA,NA,NA,NA,NA,NA,NA,NA,NA,NA,NA,NA,NA,21,NA,NA,NA,NA,PLMESO,8,1:DECEASED,NA,NA,NA,NA,NA,NA,NA,NA,NA,NA,NA,NA,NA,1,NA,NA,NA,Female,NA,NA,Matched,NA,NA,NA,NA,NA,NA,NA,0.7,NA,NA,Progression,Yes,NA,Epithelial,Yes,Local,4,No
meso_tcga,TCGA-3H-AB3K,TCGA-3H-AB3K-01,64,M0,N0,Stage II,6th,T2,Mesothelioma,Pleural Mesothelioma,NA,NA,NA,NA,0.8,1.5,NA,1935,0,NA,NA,NA,NA,NA,NOT HISPANIC OR LATINO,NA,NA,NA,8/22/14,0.0967,Diffuse malignant mesothelioma - NOS,No,No,C45.0,9050/3,C38.4,YES,2008,NO,NA,Right,NA,NA,22,YES,meat manager,30,FALSE,PLMESO,NA,1:DECEASED,NA,E90BFE17-2E5B-47ED-B986-B3D4181F2BF6,D101D5B2-4130-42CF-BBE8-AB817CC0D5CB,TCGA-3H-AB3K.2E921E98-CB9D-4FA5-B67F-A20BB5455CA2.pdf,2E921E98-CB9D-4FA5-B67F-A20BB5455CA2,NA,YES,NA,NO,WHITE,YES,NA,YES,1,90,Primary,1,Male,NA,Pleura,Matched,NA,NA,NA,NA,NA,NA,3H,0.7333333333,WITH TUMOR,A,NA,NA,NA,NA,NA,NA,NA,NA
meso_tcga,TCGA-3H-AB3L,TCGA-3H-AB3L-01,60,M0,N2,Stage III,6th,TX,Mesothelioma,"Pleural Mesothelioma, Epithelioid Type",NA,NA,NA,NA,0.7,1.3,NA,1941,0,NA,NA,NA,NA,1,NOT HISPANIC OR LATINO,NA,NA,NA,8/13/14,0.3618,Epithelioid mesothelioma,No,No,C45.0,9052/3,C38.4,YES,2008,NO,NA,Left,NA,NA,37,YES,NA,NA,FALSE,PLEMESO,NA,1:DECEASED,NA,AAACE369-0A47-4176-811B-61CD42BF647F,DDEAE462-E070-4ECE-BEBB-E782BA410EA8,TCGA-3H-AB3L.162C8370-35C9-4B65-A9F2-6133E343390A.pdf,162C8370-35C9-4B65-A9F2-6133E343390A,NA,YES,NA,NO,WHITE,NO,NA,YES,1,130,Primary,1,Male,NA,Pleura,Matched,NA,NA,NA,NA,NA,NA,3H,1.233333333,WITH TUMOR,A,NA,NA,NA,NA,NA,NA,NA,NA
meso_tcga,TCGA-3H-AB3M,TCGA-3H-AB3M-01,53,M0,N2,Stage III,6th,T3,Mesothelioma,"Pleural Mesothelioma, Epithelioid Type",NA,NA,NA,NA,0.8,1.5,NA,1998,0,NA,NA,NA,NA,1,NOT HISPANIC OR LATINO,NA,Parent,"Other, specify",6/11/14,0.7046,Epithelioid mesothelioma,No,No,C45.0,9052/3,C38.4,YES,2008,NO,NA,Left,NA,NA,28,YES,school district secretary,NA,FALSE,PLEMESO,NA,1:DECEASED,NA,EBE927E6-0A7E-4C97-AD73-F3C302CCA7BC,B71B1FB6-3C73-46C8-AB3B-BDFAA4B66B67,TCGA-3H-AB3M.3D2B553B-192D-4300-AF57-781143D0F10B.pdf,3D2B553B-192D-4300-AF57-781143D0F10B,Preoperative,YES,NA,NO,WHITE,NO,NA,YES,1,160,Primary,1,Female,NA,Pleura,Matched,NA,NA,NA,NA,NA,NA,3H,0.9333333333,WITH TUMOR,A,NA,NA,NA,NA,NA,NA,NA,NA
meso_tcga,TCGA-3H-AB3O,TCGA-3H-AB3O-01,58,M0,N0,Stage III,6th,T3,Mesothelioma,"Pleural Mesothelioma, Epithelioid Type",NA,NA,NA,NA,0.7,1.3,NA,1897,0,NA,NA,NA,NA,1,NA,NA,NA,NA,6/10/14,0,Epithelioid mesothelioma,No,Yes,C45.0,9052/3,C38.4,YES,2008,NO,NA,Right,NA,NA,17,YES,Engineer working on machines lined with asbestos,6,FALSE,PLEMESO,NA,1:DECEASED,NA,2B715EB2-055E-4BC5-BC98-128E8BF6954F,08130247-FE6D-4644-9ABB-29209F441943,TCGA-3H-AB3O.D5828CA0-5ED9-4AF6-9E3C-CBE57826E43F.pdf,D5828CA0-5ED9-4AF6-9E3C-CBE57826E43F,Pre-Adjuvant Therapy,YES,NA,NO,WHITE,YES,NA,YES,1,230,Primary,1,Male,NA,Pleura,Matched,NA,NA,NA,NA,NA,NA,3H,0.5666666667,WITH TUMOR,A,NA,NA,NA,NA,NA,NA,NA,NA
meso_tcga,TCGA-3H-AB3S,TCGA-3H-AB3S-01,69,M0,N0,Stage II,6th,T2,Mesothelioma,"Pleural Mesothelioma, Epithelioid Type",NA,NA,NA,NA,0.7,1.3,NA,1743,0,NA,NA,NA,NA,1,NA,NA,Parent|Parent|Grandparent|Grandparent,"Other, specify|Other, specify|Other, specify|Other, specify",6/9/14,0.1163,Epithelioid mesothelioma,No,Yes,C45.0,9052/3,C38.4,YES,2009,NO,NA,Right,NA,NA,49,YES,NA,NA,FALSE,PLEMESO,NA,1:DECEASED,NA,1C848577-C3A4-4830-ABFA-549992172396,00718CAF-E2C8-4355-A23D-6B2DEF6B2278,TCGA-3H-AB3S.3A7D0D05-505C-4BA4-997E-E6BC9941BA72.pdf,3A7D0D05-505C-4BA4-997E-E6BC9941BA72,Preoperative,YES,NA,NO,WHITE,YES,NA,YES,1,170,Primary,1,Male,NA,Pleura,Matched,NA,NA,NA,NA,NA,NA,3H,1.633333333,WITH TUMOR,A,NA,NA,NA,NA,NA,NA,NA,NA
meso_tcga,TCGA-3H-AB3T,TCGA-3H-AB3T-01,79,M0,N0,Stage I,6th,T1,Mesothelioma,"Pleural Mesothelioma, Biphasic Type",NA,NA,NA,NA,0.7,1.3,NA,1709,0,NA,NA,NA,NA,0,NA,NA,NA,NA,6/9/14,0.2426,Biphasic mesothelioma,No,No,C45.0,9053/3,C38.4,YES,2009,NO,NA,Right,NA,NA,38,YES,oil refinery,NA,FALSE,PLBMESO,NA,1:DECEASED,NA,3210027D-A9C7-4EBB-8497-E3705BED7E40,9E43D37D-B244-4A37-9E41-CFBD27008FFE,TCGA-3H-AB3T.4F0240DA-BF51-4D8D-A378-1B39EEFD5FEA.pdf,4F0240DA-BF51-4D8D-A378-1B39EEFD5FEA,Preoperative,YES,NA,NO,WHITE,YES,NA,YES,1,80,Primary,1,Male,NA,Pleura,Matched,NA,NA,NA,NA,NA,NA,3H,1.266666667,WITH TUMOR,A,NA,NA,NA,NA,NA,NA,NA,NA
meso_tcga,TCGA-3H-AB3U,TCGA-3H-AB3U-01,71,M0,N0,Stage III,6th,T3,Mesothelioma,"Pleural Mesothelioma, Epithelioid Type",NA,NA,NA,NA,0.7,1.3,NA,1666,0,NA,NA,NA,NA,1,NA,NA,Parent|Child,"Other, specify|Other, specify",5/30/14,0.8602,Epithelioid mesothelioma,No,No,C45.0,9052/3,C38.4,YES,2009,NO,NA,Right,NA,NA,32,YES,NA,NA,FALSE,PLEMESO,NA,1:DECEASED,NA,C328F661-C109-4E01-B819-299A75BD4348,7EDBE7E9-6FCB-4524-AC16-4DB30D5526A3,TCGA-3H-AB3U.BA7F7532-3137-4D3B-8F51-3F5ABFC03471.pdf,BA7F7532-3137-4D3B-8F51-3F5ABFC03471,Preoperative,YES,NA,NO,WHITE,NO,NA,YES,1,200,Primary,1,Male,NA,Pleura,Matched,NA,NA,NA,NA,NA,NA,3H,1.066666667,WITH TUMOR,A,NA,NA,NA,NA,NA,NA,NA,NA
meso_tcga,TCGA-3H-AB3X,TCGA-3H-AB3X-01,62,M0,N0,Stage III,7th,T3,Mesothelioma,"Pleural Mesothelioma, Epithelioid Type",NA,NA,NA,NA,0.7,1.3,803,1106,0,NA,NA,0:DiseaseFree,NA,0,NOT HISPANIC OR LATINO,NA,NA,NA,5/29/14,0.2961,Epithelioid mesothelioma,No,No,C34.90,9052/3,C34.9,YES,2010,NO,NA,Right,NA,NA,31,NO,petrochemical industry,30,FALSE,PLEMESO,48.9857645,0:LIVING,NA,C739FD61-22B2-412D-BCF3-89BDA45A2C0F,276C6D7B-712A-465C-913F-320DE285CAD4,TCGA-3H-AB3X.D1001F1F-5707-4D67-B915-C8899511D3EA.pdf,D1001F1F-5707-4D67-B915-C8899511D3EA,Preoperative,YES,NA,NO,WHITE,YES,NA,YES,1,60,Primary,1,Male,NA,Pleura,Matched,NA,NA,NA,NA,NA,NA,3H,1.033333333,TUMOR FREE,A,NA,NA,NA,NA,NA,NA,NA,NA
meso_tcga,TCGA-3U-A98D,TCGA-3U-A98D-01,80,M0,N2,Stage III,7th,T2,Mesothelioma,"Pleural Mesothelioma, Biphasic Type",NA,NA,NA,NA,0.5,1.4,125,628,0,NA,NA,NA,NA,0,NA,NA,Sibling,"Other, specify",4/8/14,0.3849,Biphasic mesothelioma,No,No,C45.0,9053/3,C38.4,YES,2012,NO,NA,Right,NA,NA,35,YES,Foreman at manufacturing plant,NA,TRUE,PLBMESO,NA,1:DECEASED,NA,C5D4D4B4-2C9E-4865-8860-68327356D461,51B1915D-B527-4248-862A-C4596F7C8B6C,TCGA-3U-A98D.8F55DF05-CE3D-42FF-9247-480F3CADD030.pdf,8F55DF05-CE3D-42FF-9247-480F3CADD030,Preoperative,NO,NA,NO,WHITE,NO,NA,YES,1,230,Primary,1,Male,NA,Pleura,Matched,NA,NA,NA,NA,NA,NA,3U,1.166666667,NA,A,NA,NA,NA,NA,NA,NA,NA,NA
meso_tcga,TCGA-3U-A98E,TCGA-3U-A98E-01,71,M0,N2,Stage IV,7th,T4,Mesothelioma,"Pleural Mesothelioma, Epithelioid Type",NA,NA,NA,NA,0.5,1.4,1426,1321,0,NA,NA,0:DiseaseFree,NA,1,NOT HISPANIC OR LATINO,NA,NA,NA,4/8/14,0.1127,Epithelioid mesothelioma,No,Yes,C45.0,9052/3,C38.4,YES,2010,NO,NA,Left,NA,NA,39,YES,NA,NA,TRUE,PLEMESO,62.9910905,0:LIVING,NA,E0DF1FEF-C650-4088-A974-26F712ED4F64,432C1FA8-A151-4EA2-82E5-25958B7B1E20,TCGA-3U-A98E.11FB2902-12C0-4F01-ADF1-172E8736B378.pdf,11FB2902-12C0-4F01-ADF1-172E8736B378,Post-Adjuvant Therapy,YES,NA,NO,WHITE,NO,NA,YES,1,390,Primary,1,Female,NA,Pleura,Matched,NA,NA,NA,NA,NA,NA,3U,1.3,WITH TUMOR,A,NA,NA,NA,NA,NA,NA,NA,NA
meso_tcga,TCGA-3U-A98F,TCGA-3U-A98F-01,73,M0,N0,Stage III,7th,T3,Mesothelioma,"Pleural Mesothelioma, Biphasic Type",NA,NA,NA,NA,0.5,1.4,463,498,0,NA,NA,NA,NA,1,NOT HISPANIC OR LATINO,NA,Parent|Sibling,"Other, specify|Other, specify",4/9/14,0.7484,Biphasic mesothelioma,No,No,C45.0,9053/3,C38.4,YES,2012,NO,NA,Right,NA,NA,40,YES,"Helped build recreational vehicles (manufacturing). Worked at industrial plant, steam operated  with asbestos insulated pipes.",NA,TRUE,PLBMESO,NA,1:DECEASED,NA,24EA3CD5-C2E6-44F7-9658-78AF7BEFEEF7,EEFC52FE-DA35-48F4-AC5A-6E9B516E3267,TCGA-3U-A98F.44D82403-023E-455C-94DC-2D5FFB25D3D5.pdf,44D82403-023E-455C-94DC-2D5FFB25D3D5,Preoperative,YES,NA,NO,WHITE,YES,NA,YES,1,490,Primary,1,Male,NA,Pleura,Matched,NA,NA,NA,NA,NA,NA,3U,1.333333333,WITH TUMOR,A,NA,NA,NA,NA,NA,NA,NA,NA
meso_tcga,TCGA-3U-A98G,TCGA-3U-A98G-01,71,M0,N0,Stage IV,7th,T4,Mesothelioma,"Pleural Mesothelioma, Biphasic Type",NA,NA,NA,NA,0.5,1.4,501,392,0,NA,NA,NA,NA,1,NOT HISPANIC OR LATINO,NA,Parent|Parent|Sibling,"Other, specify|Other, specify|Other, specify",4/10/14,0,Biphasic mesothelioma,No,Yes,C45.0,9053/3,C38.4,YES,2012,NO,NA,Right,NA,NA,12,YES,"As a child, coated outside of boiler with asbestos. As adult, cleaned boilers as a facilities manager.",NA,TRUE,PLBMESO,NA,1:DECEASED,NA,BBABCD40-0A6C-430F-8325-EE1ED1D08AFA,1D783E72-92B0-4BF9-9A6B-A3EC845B9FEC,TCGA-3U-A98G.7462A92B-C657-4D38-BF7C-0EC9639E7E4D.pdf,7462A92B-C657-4D38-BF7C-0EC9639E7E4D,Preoperative,NO,NA,NO,WHITE,NO,R0,YES,1,500,Primary,1,Male,NA,Pleura,Matched,NA,NA,NA,NA,NA,NA,3U,0.4,WITH TUMOR,A,NA,NA,NA,NA,NA,NA,NA,NA
meso_tcga,TCGA-3U-A98H,TCGA-3U-A98H-01,57,M0,N2,Stage IV,7th,T4,Mesothelioma,"Pleural Mesothelioma, Biphasic Type",NA,NA,NA,NA,0.5,1.4,1150,1197,0,NA,NA,NA,NA,1,NOT HISPANIC OR LATINO,NA,NA,NA,4/9/14,0.0861,Biphasic mesothelioma,No,No,C45.0,9052/3,C38.4,YES,2010,NO,NA,Right,NA,NA,24,YES,NA,NA,TRUE,PLBMESO,NA,1:DECEASED,NA,3D8B4046-822A-4A00-B79E-393BD3F5F5B5,DE8F0414-9813-4581-81B1-D8C33362F24B,TCGA-3U-A98H.F5BDA912-7354-442E-956A-A986D219F2D2.pdf,F5BDA912-7354-442E-956A-A986D219F2D2,Post-Adjuvant Therapy,NO,NA,NO,WHITE,NO,NA,YES,1,110,Primary,1,Male,NA,Pleura,Matched,NA,NA,NA,NA,NA,NA,3U,0.8,WITH TUMOR,A,NA,NA,NA,NA,NA,NA,NA,NA
meso_tcga,TCGA-3U-A98I,TCGA-3U-A98I-01,68,M0,N3,Stage IV,7th,T4,Mesothelioma,"Pleural Mesothelioma, Biphasic Type",NA,NA,NA,NA,0.5,1.4,439,341,0,NA,NA,NA,NA,0,NOT HISPANIC OR LATINO,NA,Parent|Grandparent,"Other, specify|Other, specify",4/10/14,0.2392,Biphasic mesothelioma,No,No,C45.0,9053/3,C38.4,YES,2013,NO,NA,Left,NA,NA,48,YES,Submarine worker in Navy and then engineer in a nuclear power plant,NA,TRUE,PLBMESO,NA,1:DECEASED,NA,C5AD9AEF-27C6-4101-BEFB-6227CD1266BA,B9EB281B-C02D-47B4-AAF2-7D4F6A154CE0,TCGA-3U-A98I.034C160F-20F8-42D2-A1EE-DF8ED1B569B3.pdf,034C160F-20F8-42D2-A1EE-DF8ED1B569B3,Post-Adjuvant Therapy,YES,NA,NO,WHITE,NO,NA,YES,1,420,Primary,1,Male,NA,Pleura,Matched,NA,NA,NA,NA,NA,NA,3U,1.6,WITH TUMOR,A,NA,NA,NA,NA,NA,NA,NA,NA
meso_tcga,TCGA-3U-A98J,TCGA-3U-A98J-01,55,M0,N2,Stage III,7th,T3,Mesothelioma,"Pleural Mesothelioma, Epithelioid Type",NA,NA,NA,NA,0.9,1.4,485,438,0,NA,NA,NA,NA,NA,NOT HISPANIC OR LATINO,NA,NA,NA,4/10/14,0.2116,Epithelioid mesothelioma,No,No,C45.0,9052/3,C38.4,YES,2012,NO,80,Right,NA,NA,25,NO,"Machinist in a molding company, home remodeler, and brake fixer",NA,TRUE,PLEMESO,NA,1:DECEASED,NA,A61EA4C7-2506-4D56-AEB5-EDF83199D421,6078710B-E9D6-4C33-8DAC-94B4AFD86086,TCGA-3U-A98J.B8F92EDC-3074-4BAA-99AA-B62741D65285.pdf,B8F92EDC-3074-4BAA-99AA-B62741D65285,Post-Adjuvant Therapy,YES,NA,NO,WHITE,NO,NA,YES,1,350,Primary,1,Male,NA,Pleura,Matched,NA,NA,NA,NA,NA,NA,3U,0.8333333333,WITH TUMOR,A,NA,NA,NA,NA,NA,NA,NA,NA
meso_tcga,TCGA-LK-A4NW,TCGA-LK-A4NW-01,60,M0,N2,Stage IV,6th,T4,Mesothelioma,Pleural Mesothelioma,NA,NA,NA,NA,NA,NA,NA,1863,0,NA,NA,NA,NA,NA,NOT HISPANIC OR LATINO,NA,NA,NA,2/6/13,0.2758,Diffuse malignant mesothelioma - NOS,No,No,C45.0,9050/3,C38.4,YES,2007,NO,NA,Left,NA,NA,31,NO,Steel Mill,NA,TRUE,PLMESO,NA,1:DECEASED,NA,2B3B0CA8-14C6-493E-921A-CD43BA7D080A,C2BCD909-058F-4D3A-A65D-28C4F4361870,TCGA-LK-A4NW.9FA130FA-B7F3-44C9-824D-4B332B72CB3E.pdf,9FA130FA-B7F3-44C9-824D-4B332B72CB3E,NA,YES,NA,YES,WHITE,NO,RX,NO,1,530,Primary,1,Male,NA,Pleura,Matched,NA,NA,NA,NA,NA,NA,LK,1.033333333,WITH TUMOR,A,NA,NA,NA,NA,NA,NA,NA,NA
meso_tcga,TCGA-LK-A4NY,TCGA-LK-A4NY-01,66,M0,N0,Stage III,6th,T3,Mesothelioma,"Pleural Mesothelioma, Biphasic Type",NA,NA,NA,NA,NA,NA,NA,1111,0,NA,NA,NA,NA,NA,NOT HISPANIC OR LATINO,NA,NA,NA,2/6/13,0.2014,Biphasic mesothelioma,No,No,C45.0,9053/3,C38.4,YES,2009,NO,NA,Right,NA,NA,62,NO,NA,NA,TRUE,PLBMESO,NA,1:DECEASED,NA,D4D2B087-B7B4-4E53-A0B6-0190380C5A48,ED193D0A-1621-41F8-A226-9F76A3999A8E,TCGA-LK-A4NY.841AD538-D6BE-4560-BA50-D33557B130CB.pdf,841AD538-D6BE-4560-BA50-D33557B130CB,NA,YES,NA,YES,WHITE,NO,R0,NO,1,630,Primary,1,Female,NA,Pleura,Matched,NA,NA,NA,NA,NA,NA,LK,2.1,TUMOR FREE,A,NA,NA,NA,NA,NA,NA,NA,NA
meso_tcga,TCGA-LK-A4NZ,TCGA-LK-A4NZ-01,75,M0,N0,Stage II,6th,T2,Mesothelioma,"Pleural Mesothelioma, Epithelioid Type",NA,NA,NA,NA,NA,NA,NA,1087,0,NA,NA,NA,NA,NA,NOT HISPANIC OR LATINO,NA,Sibling|Sibling|Parent,"Other, specify|Other, specify|Other, specify",2/6/13,0.1033,Epithelioid mesothelioma,No,No,C45.0,9052/3,C38.4,YES,2009,NO,NA,Right,NA,NA,31,NO,NA,NA,TRUE,PLEMESO,NA,1:DECEASED,NA,D4D3C554-BAB2-47E7-A1C8-8890DB28ABF8,AFCF9EFA-E881-4714-BA0C-AA8E1E5EA8E0,TCGA-LK-A4NZ.ABE9C586-6C72-42F3-8007-22762DA9C7A9.pdf,ABE9C586-6C72-42F3-8007-22762DA9C7A9,NA,YES,NA,YES,WHITE,NO,R2,NO,1,400,Primary,1,Male,NA,Pleura,Matched,NA,NA,NA,NA,NA,NA,LK,1.066666667,WITH TUMOR,A,NA,NA,NA,NA,NA,NA,NA,NA
meso_tcga,TCGA-LK-A4O0,TCGA-LK-A4O0-01,81,M0,N0,Stage IA,6th,T1a,Mesothelioma,"Pleural Mesothelioma, Sarcomatoid Type",NA,NA,NA,NA,NA,NA,NA,1024,0,NA,NA,NA,NA,NA,NOT HISPANIC OR LATINO,NA,Parent|Sibling,"Other, specify|Other, specify",2/6/13,0.1177,Sarcomatoid mesothelioma,No,No,C45.0,9050/3,C38.4,YES,2009,NO,NA,Left,NA,NA,36,NO,NA,NA,TRUE,PLSMESO,NA,1:DECEASED,NA,1F91F13C-BC22-4A5B-9C8F-54782D3909A0,365FFA07-A5DE-470B-895F-7C3F3A060911,TCGA-LK-A4O0.2BDA3DE7-2BBC-4D52-B5C7-AAD0043881AF.pdf,2BDA3DE7-2BBC-4D52-B5C7-AAD0043881AF,NA,YES,NA,YES,WHITE,NO,R0,NO,1,380,Primary,1,Male,NA,Pleura,Matched,NA,NA,NA,NA,NA,NA,LK,1.2,TUMOR FREE,A,NA,NA,NA,NA,NA,NA,NA,NA
meso_tcga,TCGA-LK-A4O2,TCGA-LK-A4O2-01,56,M0,N0,Stage III,7th,T3,Mesothelioma,"Pleural Mesothelioma, Epithelioid Type",NA,NA,NA,NA,NA,NA,NA,630,0,NA,NA,NA,NA,NA,NOT HISPANIC OR LATINO,NA,NA,NA,2/7/13,0.3345,Epithelioid mesothelioma,No,No,C45.0,9052/3,C38.4,YES,2011,NO,NA,Right,NA,NA,31,NO,NA,NA,TRUE,PLEMESO,NA,1:DECEASED,NA,827D74A2-0331-434C-AEF6-2D15B634CCB8,E3FDF51E-9057-4197-92BE-BF7A9BA24460,TCGA-LK-A4O2.D4751900-6378-445D-B82E-D9459A292CBF.pdf,D4751900-6378-445D-B82E-D9459A292CBF,NA,NO,NA,YES,WHITE,NO,R2,NO,1,310,Primary,1,Female,NA,Pleura,Matched,NA,NA,NA,NA,NA,NA,LK,1.033333333,WITH TUMOR,A,NA,NA,NA,NA,NA,NA,NA,NA
meso_tcga,TCGA-LK-A4O4,TCGA-LK-A4O4-01,69,M0,N1,Stage III,6th,T2,Mesothelioma,"Pleural Mesothelioma, Epithelioid Type",NA,NA,NA,NA,NA,NA,NA,1654,0,NA,NA,NA,NA,NA,NOT HISPANIC OR LATINO,NA,NA,NA,2/7/13,0,Epithelioid mesothelioma,No,Yes,C45.0,9052/3,C38.4,YES,2008,NO,NA,Left,NA,NA,2,NO,Maintenance supervisor,NA,TRUE,PLEMESO,NA,1:DECEASED,NA,6821F2B2-1B21-4046-B7D6-8979FE36ADD6,5AE785A1-9AC9-4AD4-878F-8EA5614D2B04,TCGA-LK-A4O4.2F75B668-8CE5-4228-AE5C-4C4F087C6930.pdf,2F75B668-8CE5-4228-AE5C-4C4F087C6930,NA,YES,NA,YES,WHITE,NO,R0,NO,1,350,Primary,1,Male,NA,Pleura,Matched,NA,NA,NA,NA,NA,NA,LK,0.06666666667,TUMOR FREE,A,NA,NA,NA,NA,NA,NA,NA,NA
meso_tcga,TCGA-LK-A4O5,TCGA-LK-A4O5-01,68,M0,N0,Stage III,7th,T3,Mesothelioma,"Pleural Mesothelioma, Epithelioid Type",NA,NA,NA,NA,NA,NA,371,384,0,NA,NA,NA,NA,NA,NOT HISPANIC OR LATINO,NA,NA,NA,2/7/13,0.1049,Epithelioid mesothelioma,No,No,C45.0,9052/3,C38.4,YES,2011,NO,NA,Right,NA,NA,42,NO,NA,NA,TRUE,PLEMESO,NA,1:DECEASED,NA,9AD7575D-2AD4-4FDA-8176-55145396F04A,2EAE8928-E40E-4E07-A032-C69B2D6023FE,TCGA-LK-A4O5.3592A658-BEB9-4DC5-9B27-D13D1552322A.pdf,3592A658-BEB9-4DC5-9B27-D13D1552322A,NA,YES,NA,YES,WHITE,NO,R1,NO,1,330,Primary,1,Female,NA,Pleura,Matched,NA,NA,NA,NA,NA,NA,LK,1.366666667,WITH TUMOR,A,NA,NA,NA,NA,NA,NA,NA,NA
meso_tcga,TCGA-LK-A4O6,TCGA-LK-A4O6-01,66,M0,N1,Stage III,7th,T3,Mesothelioma,"Pleural Mesothelioma, Biphasic Type",NA,NA,NA,NA,NA,NA,49,183,0,NA,NA,NA,NA,NA,NOT HISPANIC OR LATINO,NA,NA,NA,2/7/13,0.1427,Biphasic mesothelioma,No,No,C45.0,9053/3,C38.4,YES,2012,NO,NA,Left,NA,NA,37,NO,NA,NA,TRUE,PLBMESO,NA,1:DECEASED,NA,D940E476-FB0A-4CC3-8AB5-691156E7C09B,8CBD9D11-24D4-46A4-A1DE-FD0ACA2B3DCF,TCGA-LK-A4O6.5A8CDA1B-CD49-4177-9716-FD42DE663E29.pdf,5A8CDA1B-CD49-4177-9716-FD42DE663E29,NA,NA,NA,YES,WHITE,NO,RX,NO,1,370,Primary,1,Female,NA,Pleura,Matched,NA,NA,NA,NA,NA,NA,LK,1.233333333,WITH TUMOR,A,NA,NA,NA,NA,NA,NA,NA,NA
meso_tcga,TCGA-LK-A4O7,TCGA-LK-A4O7-01,64,M0,N1,Stage III,7th,T3,Mesothelioma,"Pleural Mesothelioma, Epithelioid Type",NA,NA,NA,NA,NA,NA,108,219,0,NA,NA,NA,NA,NA,NOT HISPANIC OR LATINO,NA,NA,NA,2/7/13,0.6305,Epithelioid mesothelioma,No,No,C45.0,9052/3,C38.4,YES,2012,NO,NA,Left,NA,NA,43,NO,NA,NA,TRUE,PLEMESO,NA,1:DECEASED,NA,E4469259-2504-4987-88A4-02CAE33F46F2,9D96F433-0DDB-409D-B1A6-B3618FCE25A8,TCGA-LK-A4O7.A9C93568-D495-49A1-BF59-B14B9B1D90CC.pdf,A9C93568-D495-49A1-BF59-B14B9B1D90CC,NA,YES,NA,YES,WHITE,YES,R0,NO,1,190,Primary,1,Male,NA,Pleura,Matched,NA,NA,NA,NA,NA,NA,LK,1.433333333,WITH TUMOR,A,NA,NA,NA,NA,NA,NA,NA,NA
meso_tcga,TCGA-MQ-A4KX,TCGA-MQ-A4KX-01,55,M0,N0,Stage I,5th,T1,Mesothelioma,"Pleural Mesothelioma, Epithelioid Type",NA,NA,NA,NA,NA,NA,NA,3607,0,NA,NA,NA,NA,NA,NOT HISPANIC OR LATINO,NA,NA,NA,8/9/13,0.0815,Epithelioid mesothelioma,No,No,C45.0,9052/3,C38.4,YES,2002,NO,NA,Right,NA,NA,18,YES,NA,NA,TRUE,PLEMESO,NA,1:DECEASED,NA,A3C28058-D305-4F85-B42B-A221E5234EC8,8DBE59BA-5440-4062-97E3-7817E229E2B7,TCGA-MQ-A4KX.22C75817-2D45-433A-8838-0E02FC00D12A.pdf,22C75817-2D45-433A-8838-0E02FC00D12A,NA,YES,NA,NO,WHITE,NO,R0,YES,1,290,Primary,1,Male,NA,Pleura,Matched,NA,NA,NA,NA,NA,NA,MQ,0.6333333333,NA,A,NA,NA,NA,NA,NA,NA,NA,NA
meso_tcga,TCGA-MQ-A4LC,TCGA-MQ-A4LC-01,54,M0,N0,Stage II,6th,T2,Mesothelioma,"Pleural Mesothelioma, Epithelioid Type",NA,NA,NA,NA,NA,NA,NA,4241,0,NA,NA,NA,NA,NA,NOT HISPANIC OR LATINO,NA,NA,NA,8/9/13,0.1018,Epithelioid mesothelioma,No,No,C45.0,9052/3,C38.4,YES,2001,NO,NA,Right,NA,NA,33,YES,NA,NA,TRUE,PLEMESO,NA,1:DECEASED,NA,E6633347-A907-4A6C-9343-A207FDB05169,C28DCBF0-EF51-4425-B369-0EEDD7FFB7D2,TCGA-MQ-A4LC.731F15DB-25D3-41A5-AEA5-4C96F1249ABA.pdf,731F15DB-25D3-41A5-AEA5-4C96F1249ABA,NA,YES,NA,NO,WHITE,NO,R0,YES,1,470,Primary,1,Male,NA,Pleura,Matched,NA,NA,NA,NA,NA,NA,MQ,1.1,TUMOR FREE,A,NA,NA,NA,NA,NA,NA,NA,NA
meso_tcga,TCGA-MQ-A4LI,TCGA-MQ-A4LI-01,60,M0,N0,Stage II,6th,T2,Mesothelioma,"Pleural Mesothelioma, Epithelioid Type",NA,NA,NA,NA,NA,NA,NA,4903,0,NA,NA,NA,NA,1,NOT HISPANIC OR LATINO,NA,NA,NA,5/1/13,0.3491,Epithelioid mesothelioma,No,No,C45.0,9052/3,C38.4,YES,1999,NO,NA,Left,NA,NA,36,YES,NA,NA,TRUE,PLEMESO,NA,1:DECEASED,NA,340FEF21-55D8-433F-B00A-51276B849356,A379FF0D-3A57-4E8A-B755-5F906058F8C1,TCGA-MQ-A4LI.15AE69C3-52C2-4CD3-A1BD-6E4EAD5B6631.pdf,15AE69C3-52C2-4CD3-A1BD-6E4EAD5B6631,Preoperative,YES,NA,NO,WHITE,NO,R1,YES,1,320,Primary,1,Female,NA,Pleura,Matched,NA,NA,NA,NA,NA,NA,MQ,1.2,WITH TUMOR,A,NA,NA,NA,NA,NA,NA,NA,NA
meso_tcga,TCGA-MQ-A4LJ,TCGA-MQ-A4LJ-01,53,M0,N1,Stage III,6th,T2,Mesothelioma,"Pleural Mesothelioma, Epithelioid Type",NA,NA,NA,NA,NA,NA,NA,4922,0,NA,NA,NA,NA,NA,NOT HISPANIC OR LATINO,NA,NA,NA,8/9/13,0.1855,Epithelioid mesothelioma,No,No,C45.0,9052/3,C38.4,YES,1999,NO,NA,Left,NA,NA,24,YES,NA,NA,TRUE,PLEMESO,NA,1:DECEASED,NA,C61937AB-01FF-42E5-A534-3B33D6A9F582,96324EC4-AD1B-41F6-BAB0-322724AA9B15,TCGA-MQ-A4LJ.19CD856A-FF63-412E-BB66-E49415C63D94.pdf,19CD856A-FF63-412E-BB66-E49415C63D94,NA,YES,NA,NO,WHITE,YES,NA,YES,1,130,Primary,1,Male,NA,Pleura,Matched,NA,NA,NA,NA,NA,NA,MQ,0.8333333333,NA,A,NA,NA,NA,NA,NA,NA,NA,NA
meso_tcga,TCGA-MQ-A4LM,TCGA-MQ-A4LM-01,67,M0,N0,Stage III,5th,T3,Mesothelioma,"Pleural Mesothelioma, Biphasic Type",NA,NA,NA,NA,NA,NA,NA,3566,0,NA,NA,NA,NA,NA,NOT HISPANIC OR LATINO,NA,Grandparent,"Other, specify",8/9/13,0.0032,Biphasic mesothelioma,No,No,C45.0,9053/3,C38.4,YES,2002,NO,NA,Right,NA,NA,43,YES,He grounded granite counter tops for a living for about 10 years,10,TRUE,PLBMESO,NA,1:DECEASED,NA,0AB19AE8-C095-48D6-B1AA-0F5AE75C6E68,E44003F2-6DD9-46AE-A7D5-5A36ED9EA27F,TCGA-MQ-A4LM.01985FC2-F0A2-4B31-B7D2-37C86717AC8F.pdf,01985FC2-F0A2-4B31-B7D2-37C86717AC8F,NA,YES,NA,NO,WHITE,NO,NA,YES,1,70,Primary,1,Male,NA,Pleura,Matched,NA,NA,NA,NA,NA,NA,MQ,1.433333333,NA,A,NA,NA,NA,NA,NA,NA,NA,NA
meso_tcga,TCGA-MQ-A4LP,TCGA-MQ-A4LP-01,67,M0,N0,Stage III,5th,T3,Mesothelioma,"Pleural Mesothelioma, Biphasic Type",NA,NA,NA,NA,NA,NA,NA,4447,0,NA,NA,NA,NA,NA,NOT HISPANIC OR LATINO,NA,NA,NA,8/9/13,0.2448,Biphasic mesothelioma,No,No,C45.0,9053/3,C38.4,YES,2000,NO,NA,Right,NA,NA,56,NA,NA,NA,TRUE,PLBMESO,NA,1:DECEASED,NA,DE7C2F09-B840-4071-A1F1-558D1FB28576,3273BAB5-84D3-42EF-93C2-EE985A98FB7C,TCGA-MQ-A4LP.43C3017A-16AC-4184-B2CE-68DFC3F81472.pdf,43C3017A-16AC-4184-B2CE-68DFC3F81472,NA,NO,NA,NO,WHITE,NO,NA,YES,1,410,Primary,1,Male,NA,Pleura,Matched,NA,NA,NA,NA,NA,NA,MQ,1.866666667,NA,A,NA,NA,NA,NA,NA,NA,NA,NA
meso_tcga,TCGA-MQ-A4LV,TCGA-MQ-A4LV-01,63,M0,N0,Stage III,5th,T3,Mesothelioma,"Pleural Mesothelioma, Biphasic Type",NA,NA,NA,NA,NA,NA,NA,3618,0,NA,NA,NA,NA,NA,NOT HISPANIC OR LATINO,NA,Parent|Sibling,"Other, specify|Other, specify",8/9/13,0.1945,Biphasic mesothelioma,No,No,C45.0,9052/3,C38.4,YES,2002,NO,NA,Left,NA,NA,54,YES,Shipping department for mechanical transplater industries,NA,TRUE,PLBMESO,NA,1:DECEASED,NA,B100C424-90C6-4E16-9D9E-40AD38606B5D,FE47AD4B-5F1E-4EE9-BCE2-A1800F67D9A2,TCGA-MQ-A4LV.B58C2E00-6E35-4A56-AF0D-0A62335BBD89.pdf,B58C2E00-6E35-4A56-AF0D-0A62335BBD89,NA,YES,NA,NO,WHITE,NO,R0,YES,1,160,Primary,1,Male,NA,Pleura,Matched,NA,NA,NA,NA,NA,NA,MQ,1.8,TUMOR FREE,A,NA,NA,NA,NA,NA,NA,NA,NA
meso_tcga,TCGA-MQ-A6BL,TCGA-MQ-A6BL-01,78,M0,N0,Stage II,6th,T2,Mesothelioma,"Pleural Mesothelioma, Biphasic Type",NA,NA,NA,NA,NA,NA,NA,2287,0,NA,NA,NA,NA,NA,NOT HISPANIC OR LATINO,NA,NA,NA,8/9/13,0.0017,Biphasic mesothelioma,No,No,C45.0,9053/3,C38.4,YES,2007,NO,NA,Right,NA,NA,46,YES,NA,NA,TRUE,PLBMESO,NA,1:DECEASED,NA,0C8BD0EB-9C26-4FB0-A365-26354129F0DA,28F5E961-EDDE-4BF3-A6A4-65332A3720B1,TCGA-MQ-A6BL.C2E205E9-C239-49A6-B725-0785545207B8.pdf,C2E205E9-C239-49A6-B725-0785545207B8,NA,YES,NA,NO,WHITE,NO,NA,YES,1,20,Primary,1,Male,NA,Pleura,Matched,NA,NA,NA,NA,NA,NA,MQ,1.5,NA,A,NA,NA,NA,NA,NA,NA,NA,NA
meso_tcga,TCGA-MQ-A6BN,TCGA-MQ-A6BN-01,73,MX,N1,Stage III,6th,T2,Mesothelioma,"Pleural Mesothelioma, Epithelioid Type",NA,NA,NA,NA,NA,NA,NA,2193,0,NA,NA,NA,NA,NA,NOT HISPANIC OR LATINO,NA,Sibling|Sibling,"Other, specify|Other, specify",8/9/13,0.0766,Epithelioid mesothelioma,No,No,C45.0,9052/3,C38.4,YES,2007,NO,NA,Right,NA,NA,NA,YES,Building Superintendent,NA,TRUE,PLEMESO,NA,1:DECEASED,NA,4D9F1899-4A41-4E57-BDAD-B12EB0D47629,82C4EC4C-CF46-4812-BAB3-5B9824D9CB08,TCGA-MQ-A6BN.7FEC6780-415F-42E4-B996-E091CA424621.pdf,7FEC6780-415F-42E4-B996-E091CA424621,NA,YES,NA,NO,WHITE,NO,R0,YES,1,60,Primary,1,Female,NA,Pleura,Matched,NA,NA,NA,NA,NA,NA,MQ,0,TUMOR FREE,A,NA,NA,NA,NA,NA,NA,NA,NA
meso_tcga,TCGA-MQ-A6BQ,TCGA-MQ-A6BQ-01,58,MX,N0,Stage II,6th,T2,Mesothelioma,"Pleural Mesothelioma, Epithelioid Type",NA,NA,NA,NA,NA,NA,1316,1519,0,NA,NA,0:DiseaseFree,NA,NA,NOT HISPANIC OR LATINO,NA,Sibling|Sibling,Mesothelioma|Mesothelioma,8/9/13,0.1041,Epithelioid mesothelioma,No,No,C45.0,9052/3,C38.4,YES,2009,NO,NA,Left,NA,NA,31,NA,Farmer,NA,TRUE,PLEMESO,77.5553145,0:LIVING,NA,D3A6ACCC-5C45-4E70-BAF5-2188AF53E0DB,E1AFB0C2-1FED-4739-95D7-149FC9C3C784,TCGA-MQ-A6BQ.476705A9-0D92-4852-8204-8CA7807688B6.pdf,476705A9-0D92-4852-8204-8CA7807688B6,NA,YES,NA,NO,WHITE,YES,R1,YES,1,50,Primary,1,Male,NA,Pleura,Matched,NA,NA,NA,NA,NA,NA,MQ,1.033333333,WITH TUMOR,A,NA,NA,NA,NA,NA,NA,NA,NA
meso_tcga,TCGA-MQ-A6BR,TCGA-MQ-A6BR-01,55,MX,N1,Stage III,6th,T1b,Mesothelioma,"Pleural Mesothelioma, Epithelioid Type",NA,NA,NA,NA,NA,NA,1575,1594,0,NA,NA,0:DiseaseFree,NA,NA,NOT HISPANIC OR LATINO,NA,NA,NA,8/9/13,0.1604,Epithelioid mesothelioma,No,No,C45.0,9052/3,C38.4,YES,2008,NO,NA,Left,NA,NA,21,YES,NA,NA,TRUE,PLEMESO,68.7115758,0:LIVING,NA,00397CE0-A931-46DD-9407-C1C6A14C39F1,B376764E-84C3-4DA0-A5FA-0C77560708CC,TCGA-MQ-A6BR.F7C5D3ED-657F-4586-9CEE-F7CA8D37FC54.pdf,F7C5D3ED-657F-4586-9CEE-F7CA8D37FC54,NA,YES,NA,NO,WHITE,NO,RX,YES,1,40,Primary,1,Female,NA,Pleura,Matched,NA,NA,NA,NA,NA,NA,MQ,0.7333333333,WITH TUMOR,A,NA,NA,NA,NA,NA,NA,NA,NA
meso_tcga,TCGA-MQ-A6BS,TCGA-MQ-A6BS-01,55,MX,N0,Stage II,7th,T2,Mesothelioma,"Pleural Mesothelioma, Epithelioid Type",NA,NA,NA,NA,NA,NA,414,441,0,NA,NA,NA,NA,0,NOT HISPANIC OR LATINO,NA,Parent|Parent,"Other, specify|Other, specify",8/9/13,0.7705,Epithelioid mesothelioma,No,No,C45.0,9052/3,C38.4,YES,2012,NO,NA,Right,NA,NA,41,NO,Worked in a brick yard,20,TRUE,PLEMESO,NA,1:DECEASED,NA,50921CA1-5D70-4162-8847-74E874114284,43CE6E04-3FC7-4073-A269-DD3200CEA793,TCGA-MQ-A6BS.83140BDC-6F68-411D-A30D-A99FD2112609.pdf,83140BDC-6F68-411D-A30D-A99FD2112609,Preoperative,YES,NA,NO,WHITE,NO,R0,YES,1,260,Primary,1,Male,NA,Pleura,Matched,NA,NA,NA,NA,NA,NA,MQ,1.366666667,TUMOR FREE,A,NA,NA,NA,NA,NA,NA,NA,NA
meso_tcga,TCGA-NQ-A57I,TCGA-NQ-A57I-01,71,MX,NX,Stage IB,7th,T1b,Mesothelioma,"Pleural Mesothelioma, Biphasic Type",NA,NA,NA,NA,NA,NA,7,253,0,NA,NA,NA,NA,NA,NOT HISPANIC OR LATINO,NA,NA,NA,5/31/13,0.4041,Biphasic mesothelioma,No,No,C45.0,9053/3,C38.4,YES,2012,NO,NA,Right,NA,NA,42,NO,NA,NA,FALSE,PLBMESO,NA,1:DECEASED,NA,0C5AE0F7-B2AC-4B1B-AABB-83994EBB9326,5CCDB785-E2A2-4AE9-A630-46E51DE20BE5,TCGA-NQ-A57I.5BAF43B9-899B-499A-A326-199ACD954BF6.pdf,5BAF43B9-899B-499A-A326-199ACD954BF6,NA,NO,NA,YES,WHITE,NO,R2,NO,1,60,Primary,1,Male,NA,Pleura,Matched,NA,NA,NA,NA,NA,NA,NQ,1.4,WITH TUMOR,A,NA,NA,NA,NA,NA,NA,NA,NA
meso_tcga,TCGA-NQ-A638,TCGA-NQ-A638-01,66,M0,NX,Stage II,7th,T2,Mesothelioma,"Pleural Mesothelioma, Epithelioid Type",NA,NA,NA,NA,NA,NA,-8,103,0,NA,NA,0:DiseaseFree,NA,NA,NOT HISPANIC OR LATINO,NA,NA,NA,10/15/13,0.3745,Epithelioid mesothelioma,No,No,C45.0,9050/3,C38.4,YES,2012,NO,NA,Right,NA,NA,51,NO,NA,NA,FALSE,PLEMESO,NA,0:LIVING,NA,5A197D56-E835-4F96-AD85-04AE9F6AFF32,EE0EECEE-51DA-4050-B729-EA52D16D6E08,TCGA-NQ-A638.0B036FC7-E7AE-49D1-A5C6-C93D41C98C6D.pdf,0B036FC7-E7AE-49D1-A5C6-C93D41C98C6D,NA,NA,NA,YES,WHITE,NA,R0,NO,1,70,Primary,1,Male,NA,Pleura,Matched,NA,NA,NA,NA,NA,NA,NQ,1.7,TUMOR FREE,A,NA,NA,NA,NA,NA,NA,NA,NA
meso_tcga,TCGA-SC-A6LM,TCGA-SC-A6LM-01,64,M0,NX,Stage IV,7th,T4,Mesothelioma,"Pleural Mesothelioma, Epithelioid Type",NA,NA,NA,NA,0.6,1.3,NA,1169,0,NA,NA,NA,NA,0,NOT HISPANIC OR LATINO,NA,Parent|Sibling|Sibling,Mesothelioma|Mesothelioma|Mesothelioma,10/23/13,0.1716,Epithelioid mesothelioma,No,No,C45.0,9052/3,C38.4,YES,2010,NO,90,Left,NA,NA,33,YES,NA,NA,TRUE,PLEMESO,NA,1:DECEASED,NA,E656CF38-2F5D-4306-90D9-ECB504D86351,F477E09F-5885-4286-9A44-09A70FF99DC9,TCGA-SC-A6LM.6CF9AD5C-60BE-418D-AA95-F12B661361D8.pdf,6CF9AD5C-60BE-418D-AA95-F12B661361D8,Preoperative,YES,NA,NO,WHITE,YES,R2,YES,1,140,Primary,1,Female,NA,Pleura,Matched,NA,NA,NA,NA,NA,NA,SC,1.1,WITH TUMOR,A,NA,NA,NA,NA,NA,NA,NA,NA
meso_tcga,TCGA-SC-A6LN,TCGA-SC-A6LN-01,76,M0,N2,Stage III,7th,T2,Mesothelioma,"Pleural Mesothelioma, Biphasic Type",NA,NA,NA,NA,0.6,1.3,200,182,0,NA,NA,NA,NA,1,NOT HISPANIC OR LATINO,NA,NA,NA,10/23/13,0.3914,Biphasic mesothelioma,No,No,C45.0,9053/3,C38.4,YES,2012,NO,80,Right,NA,NA,35,NO,NA,NA,TRUE,PLBMESO,NA,1:DECEASED,NA,2D2D8421-18A7-4822-BA37-69FBF48DA225,D80B1CA0-0897-4FFB-AF55-5E9BBEBDE8D6,TCGA-SC-A6LN.579769F3-E1A6-4ACA-9217-B83152A63958.pdf,579769F3-E1A6-4ACA-9217-B83152A63958,Preoperative,YES,NA,NO,ASIAN,YES,R0,YES,1,100,Primary,1,Male,NA,Pleura,Matched,NA,NA,NA,NA,NA,NA,SC,1.233333333,TUMOR FREE,A,NA,NA,NA,NA,NA,NA,NA,NA
meso_tcga,TCGA-SC-A6LP,TCGA-SC-A6LP-01,58,M0,N0,Stage II,7th,T2,Mesothelioma,"Pleural Mesothelioma, Biphasic Type",NA,NA,NA,NA,0.6,1.3,NA,295,0,NA,NA,NA,NA,NA,NOT HISPANIC OR LATINO,NA,NA,NA,10/23/13,0.0622,Biphasic mesothelioma,No,No,C45.0,9053/3,C38.4,YES,2012,NO,90,Right,NA,NA,23,NO,NA,NA,TRUE,PLBMESO,NA,1:DECEASED,NA,DC6720DD-5028-49D3-8508-A7936E7B3FAA,D467175B-F8E5-4579-A0E1-1F85238C5A93,TCGA-SC-A6LP.EB455F1C-C1BC-45CA-898B-051739D39D1B.pdf,EB455F1C-C1BC-45CA-898B-051739D39D1B,Preoperative,YES,NA,NO,WHITE,NO,RX,YES,1,80,Primary,1,Male,NA,Pleura,Matched,NA,NA,NA,NA,NA,NA,SC,0.7666666667,WITH TUMOR,A,NA,NA,NA,NA,NA,NA,NA,NA
meso_tcga,TCGA-SC-A6LQ,TCGA-SC-A6LQ-01,60,M0,N2,Stage III,7th,T3,Mesothelioma,"Pleural Mesothelioma, Epithelioid Type",NA,NA,NA,NA,0.6,1.3,NA,392,0,NA,NA,NA,NA,NA,NOT HISPANIC OR LATINO,NA,NA,NA,10/23/13,0.0918,Epithelioid mesothelioma,No,No,C45.0,9052/3,C38.4,YES,2012,NO,NA,Right,NA,NA,32,YES,NA,NA,TRUE,PLEMESO,NA,1:DECEASED,NA,500B86B2-3AC3-4745-AF84-3DD28F38DAEB,0D0F8852-1F33-4739-A7B4-91561352B301,TCGA-SC-A6LQ.DDDDE403-9903-4955-8F1F-CB5266E2B2D9.pdf,DDDDE403-9903-4955-8F1F-CB5266E2B2D9,NA,YES,NA,NO,WHITE,YES,R0,YES,1,450,Primary,1,Female,NA,Pleura,Matched,NA,NA,NA,NA,NA,NA,SC,1.066666667,WITH TUMOR,A,NA,NA,NA,NA,NA,NA,NA,NA
meso_tcga,TCGA-SC-A6LR,TCGA-SC-A6LR-01,73,M0,N2,Stage III,7th,T1b,Mesothelioma,"Pleural Mesothelioma, Epithelioid Type",NA,NA,NA,NA,0.6,1.3,524,443,0,NA,NA,0:DiseaseFree,NA,NA,NOT HISPANIC OR LATINO,NA,NA,NA,10/23/13,0.1758,Epithelioid mesothelioma,No,No,C45.0,9052/3,C38.4,YES,2012,NO,80,Right,NA,NA,51,NO,Naval ship work,NA,TRUE,PLEMESO,38.3995792,0:LIVING,NA,B106D71C-7809-4EFA-A969-EE1F93A44720,CECEE06A-8161-4B3B-A5B6-71EC550C6820,TCGA-SC-A6LR.E1F77E03-1351-48F3-9AE8-906F910F8883.pdf,E1F77E03-1351-48F3-9AE8-906F910F8883,Preoperative,YES,NA,NO,WHITE,YES,R2,YES,1,480,Primary,1,Male,NA,Pleura,Matched,NA,NA,NA,NA,NA,NA,SC,1.766666667,TUMOR FREE,A,NA,NA,NA,NA,NA,NA,NA,NA
meso_tcga,TCGA-SC-AA5Z,TCGA-SC-AA5Z-01,54,M0,N2,Stage IV,7th,T4,Mesothelioma,"Pleural Mesothelioma, Epithelioid Type",NA,NA,NA,NA,0.9,1.3,484,231,0,NA,NA,0:DiseaseFree,NA,NA,NOT HISPANIC OR LATINO,NA,Parent,"Other, specify",9/25/14,0.1354,Epithelioid mesothelioma,No,Yes,C45.0,9052/3,C38.4,YES,2013,NO,NA,Left,NA,NA,23,NO,NA,NA,TRUE,PLEMESO,21.8298978,0:LIVING,NA,0C7B4B9C-D497-41FC-A2B9-014BB5E07985,B2089179-63AE-4D77-9512-6F6AC18E7A4F,TCGA-SC-AA5Z.6510EC39-20FA-40AB-B640-7E02E98F3FC7.pdf,6510EC39-20FA-40AB-B640-7E02E98F3FC7,NA,YES,NA,NO,WHITE,YES,R2,YES,1,350,Primary,1,Male,NA,Pleura,Matched,NA,NA,NA,NA,NA,NA,SC,0.7666666667,WITH TUMOR,A,NA,NA,NA,NA,NA,NA,NA,NA
meso_tcga,TCGA-SH-A7BC,TCGA-SH-A7BC-01,66,M0,N2,Stage III,7th,T3,Mesothelioma,"Pleural Mesothelioma, Epithelioid Type",NA,NA,NA,NA,35,125,NA,706,0,NA,NA,NA,NA,0,NOT HISPANIC OR LATINO,NA,NA,NA,12/2/13,0.2837,Epithelioid mesothelioma,No,No,C45.0,9052/3,C38.4,YES,2011,NO,NA,Right,NA,NA,33,YES,Electrician,NA,TRUE,PLEMESO,NA,1:DECEASED,NA,CCF7073E-B224-497A-A476-C67AFF5226BD,767C8869-C89B-4BFF-A599-F11D24936B6A,TCGA-SH-A7BC.55D84C00-324B-4CBE-A478-0AD5401C44C6.pdf,55D84C00-324B-4CBE-A478-0AD5401C44C6,Preoperative,YES,NA,NO,WHITE,YES,R2,YES,1,170,Primary,1,Male,NA,Pleura,Matched,NA,NA,NA,NA,NA,NA,SH,1.066666667,WITH TUMOR,A,NA,NA,NA,NA,NA,NA,NA,NA
meso_tcga,TCGA-SH-A7BD,TCGA-SH-A7BD-01,68,M1,N0,Stage IV,7th,T2,Mesothelioma,"Pleural Mesothelioma, Epithelioid Type",NA,NA,NA,NA,35,125,NA,388,0,NA,NA,NA,NA,3,NOT HISPANIC OR LATINO,NA,NA,NA,12/2/13,0.1174,Epithelioid mesothelioma,No,No,C45.0,9052/3,C38.4,YES,2012,NO,NA,Right,NA,NA,33,YES,Engineer,NA,TRUE,PLEMESO,NA,1:DECEASED,NA,83B97927-A1BE-441A-97A1-4363E1F2D530,880B5591-379D-4E2D-80DC-D5424DF15FFB,TCGA-SH-A7BD.45C80404-E67C-4FFF-9655-353F55D74312.pdf,45C80404-E67C-4FFF-9655-353F55D74312,Post-Adjuvant Therapy,YES,NA,NO,WHITE,YES,R2,YES,1,20,Primary,1,Male,NA,Pleura,Matched,NA,NA,NA,NA,NA,NA,SH,1.1,WITH TUMOR,A,NA,NA,NA,NA,NA,NA,NA,NA
meso_tcga,TCGA-SH-A7BH,TCGA-SH-A7BH-01,65,M0,N0,Stage III,7th,T3,Mesothelioma,"Pleural Mesothelioma, Biphasic Type",NA,NA,NA,NA,35,125,NA,337,0,NA,NA,NA,NA,2,NOT HISPANIC OR LATINO,NA,Parent|Sibling,"Other, specify|Other, specify",11/20/13,0.7737,Biphasic mesothelioma,No,No,C45.0,9053/3,C38.4,YES,2012,NO,0,Right,NA,NA,48,YES,Chef in industrial kitchens,50,TRUE,PLBMESO,NA,1:DECEASED,NA,E611EE05-92C8-41D6-A052-18DD749F8779,D41D45FE-5FD6-4FF1-B7E6-1AED94CE3BDC,TCGA-SH-A7BH.87BA5B63-D23C-4A1F-AFEB-0FD9DB9EE7C4.pdf,87BA5B63-D23C-4A1F-AFEB-0FD9DB9EE7C4,Post-Adjuvant Therapy,YES,NA,NO,WHITE,NO,R2,YES,1,50,Primary,1,Female,NA,Pleura,Matched,NA,NA,NA,NA,NA,NA,SH,1.6,WITH TUMOR,A,NA,NA,NA,NA,NA,NA,NA,NA
meso_tcga,TCGA-SH-A9CT,TCGA-SH-A9CT-01,67,M0,N0,Stage II,7th,T2,Mesothelioma,"Pleural Mesothelioma, Epithelioid Type",NA,NA,NA,NA,35,125,256,187,0,NA,NA,NA,NA,1,NOT HISPANIC OR LATINO,NA,NA,NA,4/30/14,0.3048,Epithelioid mesothelioma,No,No,C45.0,9052/3,C38.4,YES,2013,NO,NA,Right,NA,NA,31,NO,Carpenter,45,TRUE,PLEMESO,NA,1:DECEASED,NA,EF8B1E2C-9623-44FE-B591-8C8E6A232DA5,D1FC0218-4D71-4AB4-A22C-0D4323298E5B,TCGA-SH-A9CT.D7747749-3C50-4563-A68D-AE29D0C22749.pdf,D7747749-3C50-4563-A68D-AE29D0C22749,Preoperative,YES,NA,NO,WHITE,NO,NA,YES,1,570,Primary,1,Male,NA,Pleura,Matched,NA,NA,NA,NA,NA,NA,SH,1.066666667,WITH TUMOR,A,NA,NA,NA,NA,NA,NA,NA,NA
meso_tcga,TCGA-SH-A9CU,TCGA-SH-A9CU-01,60,M0,N2,Stage IV,7th,T4,Mesothelioma,"Pleural Mesothelioma, Epithelioid Type",NA,NA,NA,NA,35,125,285,188,0,NA,NA,NA,NA,0,NOT HISPANIC OR LATINO,NA,NA,NA,4/30/14,0.6796,Epithelioid mesothelioma,No,No,C45.0,9052/3,C38.4,YES,2013,NO,NA,Right,NA,NA,42,NO,NA,NA,TRUE,PLEMESO,NA,1:DECEASED,NA,F544C652-8EE2-4BFE-A42C-41AB4B3697D1,D74AE647-FDFD-4E40-8D0F-F6609182F170,TCGA-SH-A9CU.E4AE74A7-7144-41B1-A791-0FE1A00124E0.pdf,E4AE74A7-7144-41B1-A791-0FE1A00124E0,Preoperative,YES,NA,NO,WHITE,YES,RX,YES,1,550,Primary,1,Male,NA,Pleura,Matched,NA,NA,NA,NA,NA,NA,SH,1.4,WITH TUMOR,A,NA,NA,NA,NA,NA,NA,NA,NA
meso_tcga,TCGA-TS-A7OU,TCGA-TS-A7OU-01,56,MX,N0,Stage IV,6th,T4,Mesothelioma,"Pleural Mesothelioma, Epithelioid Type",NA,NA,NA,NA,NA,NA,NA,2384,0,NA,NA,NA,NA,NA,NOT HISPANIC OR LATINO,NA,NA,NA,10/14/14,0.1015,Epithelioid mesothelioma,No,No,C45.0,9052/3,C38.4,YES,2007,NO,NA,Left,NA,NA,48,NA,NA,NA,TRUE,PLEMESO,NA,1:DECEASED,NA,880BEFCF-2BB1-4D37-B65B-5F2970BFB18B,949787A8-0BFA-45C8-8A43-BB8A9DAFC9F5,TCGA-TS-A7OU.662BCE15-BB09-43E6-813C-8713199581C6.pdf,662BCE15-BB09-43E6-813C-8713199581C6,NA,NO,NA,NO,WHITE,NO,NA,YES,1,410,Primary,1,Male,NA,Pleura,Matched,NA,NA,NA,NA,NA,NA,TS,1.566666667,NA,B,NA,NA,NA,NA,NA,NA,NA,NA
meso_tcga,TCGA-TS-A7OY,TCGA-TS-A7OY-01,62,MX,N3,Stage IV,6th,T3,Mesothelioma,"Pleural Mesothelioma, Epithelioid Type",NA,NA,NA,NA,NA,NA,NA,1618,0,NA,NA,NA,NA,NA,NA,NA,NA,NA,4/2/14,0.0024,Epithelioid mesothelioma,No,No,C45.0,9052/3,C38.4,YES,2009,NO,NA,Right,NA,NA,28,YES,Pipefitter in Navy Shipyard,NA,TRUE,PLEMESO,NA,1:DECEASED,NA,28C6D24E-BE1E-484D-948D-55EA51BD8EC0,6C793306-535B-46DE-B2FC-996E82552457,TCGA-TS-A7OY.6342557E-F0C7-499E-8726-6FF0533AE95F.pdf,6342557E-F0C7-499E-8726-6FF0533AE95F,NA,NO,NA,NO,WHITE,NO,NA,YES,1,810,Primary,1,Male,NA,Pleura,Matched,NA,NA,NA,NA,NA,NA,TS,0.9333333333,NA,A,NA,NA,NA,NA,NA,NA,NA,NA
meso_tcga,TCGA-TS-A7OZ,TCGA-TS-A7OZ-01,67,MX,N1,Stage III,6th,T3,Mesothelioma,"Pleural Mesothelioma, Epithelioid Type",NA,NA,NA,NA,NA,NA,NA,1231,0,NA,NA,NA,NA,NA,NOT HISPANIC OR LATINO,NA,NA,NA,10/21/14,0.2289,Epithelioid mesothelioma,No,No,C45.0,9052/3,C38.4,YES,2010,NO,NA,Bilateral,NA,NA,48,NA,NA,NA,TRUE,PLEMESO,NA,1:DECEASED,NA,E9C61BD8-8E3B-4E2D-B878-1EF285FC6292,36A8AAE2-62C0-4C29-83D3-C954E4AE0CE6,TCGA-TS-A7OZ.EB690ABE-CEB6-4840-B2FC-B12CDE60A8C3.pdf,EB690ABE-CEB6-4840-B2FC-B12CDE60A8C3,NA,NO,NA,NO,WHITE,NO,NA,YES,1,400,Primary,1,Male,NA,Pleura,Matched,NA,NA,NA,NA,NA,NA,TS,1.6,NA,A,NA,NA,NA,NA,NA,NA,NA,NA
meso_tcga,TCGA-TS-A7P0,TCGA-TS-A7P0-01,42,MX,N0,Stage III,6th,T3,Mesothelioma,"Pleural Mesothelioma, Epithelioid Type",NA,NA,NA,NA,NA,NA,NA,1178,0,NA,NA,NA,NA,NA,NA,NA,Parent,"Other, specify",4/2/14,0.4653,Epithelioid mesothelioma,No,No,C45.0,9052/3,C38.4,YES,2010,NO,NA,Bilateral,NA,NA,60,YES,NA,NA,TRUE,PLEMESO,NA,1:DECEASED,NA,E23BC730-B369-4D6A-90CE-7223E234CD4D,1B45900C-F51A-4C0E-BCD0-8E2F59798106,TCGA-TS-A7P0.887CA21D-BC50-446A-B804-98147E5604AA.pdf,887CA21D-BC50-446A-B804-98147E5604AA,NA,NO,NA,NO,WHITE,NO,NA,YES,1,550,Primary,1,Male,NA,Pleura,Matched,NA,NA,NA,NA,NA,NA,TS,2,NA,A,NA,NA,NA,NA,NA,NA,NA,NA
meso_tcga,TCGA-TS-A7P1,TCGA-TS-A7P1-01,52,MX,N0,Stage I,6th,T1,Mesothelioma,"Pleural Mesothelioma, Epithelioid Type",NA,NA,NA,NA,NA,NA,NA,1161,0,NA,NA,NA,NA,NA,NA,NA,NA,NA,4/2/14,0.1783,Epithelioid mesothelioma,No,No,C45.0,9052/3,C38.4,YES,2010,NO,NA,Right,NA,NA,27,YES,Tax Collector,NA,TRUE,PLEMESO,NA,1:DECEASED,NA,554F4424-BB94-4958-A316-6D7D4EB4181B,56956A36-3890-4558-AAF1-2EDBD0960A88,TCGA-TS-A7P1.0FAC8AE9-5E06-44F7-9327-0A3DB528C946.pdf,0FAC8AE9-5E06-44F7-9327-0A3DB528C946,NA,NO,NA,NO,WHITE,NO,NA,YES,1,570,Primary,1,Male,NA,Pleura,Matched,NA,NA,NA,NA,NA,NA,TS,0.9,NA,A,NA,NA,NA,NA,NA,NA,NA,NA
meso_tcga,TCGA-TS-A7P3,TCGA-TS-A7P3-01,57,MX,N2,Stage III,6th,T3,Mesothelioma,"Pleural Mesothelioma, Epithelioid Type",NA,NA,NA,NA,NA,NA,NA,917,0,NA,NA,NA,NA,NA,NA,NA,Sibling,"Other, specify",4/25/14,0.0675,Epithelioid mesothelioma,No,No,C45.0,9052/3,C38.4,YES,2011,NO,NA,Left,NA,NA,24,YES,Police Officer,NA,TRUE,PLEMESO,NA,1:DECEASED,NA,7D93F1B4-3460-4917-9F33-2A9C6DF773F2,233CB71E-B94A-4DBC-8E20-5A624BBFD70A,TCGA-TS-A7P3.6A28A050-677F-4544-9BA2-6825A191CC6E.pdf,6A28A050-677F-4544-9BA2-6825A191CC6E,NA,NO,NA,NO,WHITE,NO,NA,YES,1,300,Primary,1,Male,NA,Pleura,Matched,NA,NA,NA,NA,NA,NA,TS,0.8,NA,A,NA,NA,NA,NA,NA,NA,NA,NA
meso_tcga,TCGA-TS-A7P6,TCGA-TS-A7P6-01,61,MX,N2,Stage III,6th,T3,Mesothelioma,"Pleural Mesothelioma, Epithelioid Type",NA,NA,NA,NA,NA,NA,NA,665,0,NA,NA,NA,NA,NA,NOT HISPANIC OR LATINO,NA,NA,NA,4/25/14,0.4057,Epithelioid mesothelioma,No,No,C45.0,9052/3,C38.4,YES,2011,NO,NA,Left,NA,NA,29,NA,"Operations Instructor, Navy Shipyard",NA,TRUE,PLEMESO,NA,1:DECEASED,NA,74F63637-CC7C-4539-A57E-783C8F62FB95,62AC7467-88B8-45A3-8B7D-083CEE315148,TCGA-TS-A7P6.D2069A48-E08B-4BD0-ACFE-E380345970B4.pdf,D2069A48-E08B-4BD0-ACFE-E380345970B4,NA,NO,NA,NO,WHITE,NO,NA,YES,1,490,Primary,1,Male,NA,Pleura,Matched,NA,NA,NA,NA,NA,NA,TS,0.9666666667,NA,A,NA,NA,NA,NA,NA,NA,NA,NA
meso_tcga,TCGA-TS-A7P7,TCGA-TS-A7P7-01,62,MX,N2,Stage III,7th,T3,Mesothelioma,"Pleural Mesothelioma, Epithelioid Type",NA,NA,NA,NA,NA,NA,NA,542,0,NA,NA,NA,NA,NA,NOT HISPANIC OR LATINO,NA,NA,NA,10/21/14,0.2113,Epithelioid mesothelioma,No,No,C45.0,9052/3,C38.4,YES,2012,NO,NA,Bilateral,NA,NA,NA,YES,NA,NA,TRUE,PLEMESO,NA,1:DECEASED,NA,C9C7366B-8826-4BD2-A3DC-5883E34C1502,12232154-F71D-4061-97D1-164052C56DB8,TCGA-TS-A7P7.809D0A50-C963-491E-87B7-A15E4BF2FC07.pdf,809D0A50-C963-491E-87B7-A15E4BF2FC07,NA,NO,NA,NO,WHITE,NO,NA,YES,1,570,Primary,1,Male,NA,Pleura,Matched,NA,NA,NA,NA,NA,NA,TS,0,NA,A,NA,NA,NA,NA,NA,NA,NA,NA
meso_tcga,TCGA-TS-A7P8,TCGA-TS-A7P8-01,80,MX,N1,Stage III,7th,TX,Mesothelioma,"Pleural Mesothelioma, Epithelioid Type",NA,NA,NA,NA,NA,NA,NA,534,0,NA,NA,NA,NA,NA,NOT HISPANIC OR LATINO,NA,NA,NA,4/25/14,0,Epithelioid mesothelioma,No,No,C45.0,9053/3,C38.4,YES,2012,NO,NA,Left,NA,NA,53,YES,Electrical Engineer,NA,TRUE,PLEMESO,NA,1:DECEASED,NA,92C1F122-2F48-47A7-B3B8-C1792A1F4F32,4253B3E8-191C-4B1A-B57A-3DBB393E80EE,TCGA-TS-A7P8.9B0C36C1-5A4F-4A97-8EF0-0D8C6D812D0A.pdf,9B0C36C1-5A4F-4A97-8EF0-0D8C6D812D0A,NA,NO,NA,NO,WHITE,NO,NA,YES,1,230,Primary,1,Male,NA,Pleura,Matched,NA,NA,NA,NA,NA,NA,TS,1.766666667,NA,A,NA,NA,NA,NA,NA,NA,NA,NA
meso_tcga,TCGA-TS-A7PB,TCGA-TS-A7PB-01,62,MX,N2,Stage III,6th,T3,Mesothelioma,"Pleural Mesothelioma, Biphasic Type",NA,NA,NA,NA,NA,NA,NA,869,0,NA,NA,NA,NA,NA,NOT HISPANIC OR LATINO,NA,NA,NA,4/25/14,0.1017,Biphasic mesothelioma,No,No,C45.0,9053/3,C38.4,YES,2011,NO,NA,Left,NA,NA,43,YES,Nuclear Physicist,NA,TRUE,PLBMESO,NA,1:DECEASED,NA,CAA9B7D9-E900-4E18-A5F0-6DD4C202B40C,383A44CB-BE6B-4E3A-93A5-4D43F102081F,TCGA-TS-A7PB.10F97F63-EE6F-448D-98E1-8AAA21F55753.pdf,10F97F63-EE6F-448D-98E1-8AAA21F55753,NA,NO,NA,NO,WHITE,NO,NA,YES,1,800,Primary,1,Male,NA,Pleura,Matched,NA,NA,NA,NA,NA,NA,TS,1.433333333,NA,A,NA,NA,NA,NA,NA,NA,NA,NA
meso_tcga,TCGA-TS-A8AF,TCGA-TS-A8AF-01,69,MX,N2,Stage III,6th,T2,Mesothelioma,"Pleural Mesothelioma, Epithelioid Type",NA,NA,NA,NA,NA,NA,NA,2185,0,NA,NA,NA,NA,NA,NA,NA,NA,NA,4/25/14,0.3565,Epithelioid mesothelioma,No,No,C45.0,9052/3,C38.4,YES,2007,NO,NA,Right,NA,NA,NA,YES,Inspector Gas,NA,TRUE,PLEMESO,NA,1:DECEASED,NA,AF5BDE54-D20C-41A1-9537-69AED5562F08,3452E57D-1FD2-49B5-8EAA-B4F30B839CF8,TCGA-TS-A8AF.7BB8D997-D3AB-4336-8B3C-D9D23AAA221C.pdf,7BB8D997-D3AB-4336-8B3C-D9D23AAA221C,NA,NO,NA,NO,WHITE,NO,NA,YES,1,630,Primary,1,Male,NA,Pleura,Matched,NA,NA,NA,NA,NA,NA,TS,0,NA,A,NA,NA,NA,NA,NA,NA,NA,NA
meso_tcga,TCGA-TS-A8AI,TCGA-TS-A8AI-01,58,MX,N1,Stage IV,6th,T4,Mesothelioma,"Pleural Mesothelioma, Epithelioid Type",NA,NA,NA,NA,NA,NA,NA,1681,0,NA,NA,NA,NA,NA,NOT HISPANIC OR LATINO,NA,Child|Parent,"Other, specify|Other, specify",4/25/14,0.2554,Epithelioid mesothelioma,No,No,C45.0,9052/3,C38.4,YES,2009,NO,NA,Left,NA,NA,26,YES,Navy Shipyard,NA,TRUE,PLEMESO,NA,1:DECEASED,NA,8BA34BCC-DAAD-4D69-9F02-E6A1C18DE68B,595D23CD-D26E-49C9-AB7B-F3A3626A6B69,TCGA-TS-A8AI.3D48DFF8-B505-478C-B90B-28015E22B38D.pdf,3D48DFF8-B505-478C-B90B-28015E22B38D,NA,NO,NA,NO,WHITE,NO,NA,YES,1,350,Primary,1,Male,NA,Pleura,Matched,NA,NA,NA,NA,NA,NA,TS,0.8666666667,NA,A,NA,NA,NA,NA,NA,NA,NA,NA
meso_tcga,TCGA-TS-A8AS,TCGA-TS-A8AS-01,77,MX,N0,Stage IA,7th,T1a,Mesothelioma,"Pleural Mesothelioma, Epithelioid Type",NA,NA,NA,NA,NA,NA,NA,692,0,NA,NA,NA,NA,NA,NOT HISPANIC OR LATINO,NA,NA,NA,4/25/14,0.0074,Epithelioid mesothelioma,No,Yes,C45.0,9052/3,C38.4,YES,2011,NO,NA,Right,NA,NA,30,NA,US Navy,NA,TRUE,PLEMESO,NA,1:DECEASED,NA,7A92421E-4860-41C7-AFD2-FA715357F023,F8D015D2-BD96-4F26-93CC-626041EC760A,TCGA-TS-A8AS.28EF5137-69F0-4F69-95AF-8B604EDE9DD5.pdf,28EF5137-69F0-4F69-95AF-8B604EDE9DD5,NA,NO,NA,NO,WHITE,NO,NA,YES,1,160,Primary,1,Male,NA,Pleura,Matched,NA,NA,NA,NA,NA,NA,TS,1.033333333,NA,A,NA,NA,NA,NA,NA,NA,NA,NA
meso_tcga,TCGA-TS-A8AV,TCGA-TS-A8AV-01,55,MX,N2,Stage III,6th,T2,Mesothelioma,"Pleural Mesothelioma, Sarcomatoid Type",NA,NA,NA,NA,NA,NA,NA,707,0,NA,NA,NA,NA,NA,NA,NA,Parent|Parent,"Other, specify|Other, specify",4/25/14,0.0001,Sarcomatoid mesothelioma,No,No,C38.4,9051/3,C38.4,YES,2011,NO,NA,Right,NA,NA,22,YES,Firefighter,NA,TRUE,PLSMESO,NA,1:DECEASED,NA,E93761B9-E0A2-48D5-8B21-A6670021CAE4,2681A5E0-8C80-4B68-908E-17E568DCC437,TCGA-TS-A8AV.63E2F152-246D-43A2-8E02-D8F69FFBFBEF.pdf,63E2F152-246D-43A2-8E02-D8F69FFBFBEF,NA,NO,NA,NO,WHITE,NO,NA,YES,1,370,Primary,1,Male,NA,Pleura,Matched,NA,NA,NA,NA,NA,NA,TS,0.7333333333,NA,A,NA,NA,NA,NA,NA,NA,NA,NA
meso_tcga,TCGA-TS-A8AY,TCGA-TS-A8AY-01,48,MX,N1,Stage III,7th,T3,Mesothelioma,"Pleural Mesothelioma, Epithelioid Type",NA,NA,NA,NA,NA,NA,NA,223,0,NA,NA,NA,NA,NA,NOT HISPANIC OR LATINO,NA,NA,NA,4/25/14,0.2808,Epithelioid mesothelioma,No,No,C45.0,9052/3,C38.4,YES,2013,NO,NA,Left,NA,NA,26,NA,NA,NA,TRUE,PLEMESO,NA,1:DECEASED,NA,04A1F2DC-1B1A-4328-B35D-CDC1B99E7B5B,ABBDCFCC-D30C-4FB1-AA78-618F5517F850,TCGA-TS-A8AY.86750CA3-218B-4F37-BAB7-CCED5112C826.pdf,86750CA3-218B-4F37-BAB7-CCED5112C826,NA,NO,NA,NO,BLACK OR AFRICAN AMERICAN,NO,NA,YES,1,680,Primary,1,Female,NA,Pleura,Matched,NA,NA,NA,NA,NA,NA,TS,0.8666666667,NA,A,NA,NA,NA,NA,NA,NA,NA,NA
meso_tcga,TCGA-UD-AABY,TCGA-UD-AABY-01,50,M0,N0,Stage III,5th,T3,Mesothelioma,Pleural Mesothelioma,NA,NA,NA,NA,NA,NA,NA,5129,0,NA,NA,NA,NA,1,NOT HISPANIC OR LATINO,NA,NA,NA,6/6/14,0.0564,Diffuse malignant mesothelioma - NOS,No,No,C45.0,9052/3,C38.4,YES,1999,NO,NA,Right,NA,NA,NA,YES,Carpenter/building industry,NA,TRUE,PLMESO,NA,1:DECEASED,NA,A20FB646-2A9E-42AC-A2CC-FF3D6A0625FA,9B4479AB-B8F8-4E9A-871D-06527A07E086,TCGA-UD-AABY.BED6A020-507B-41BD-8658-C092DBC9F369.pdf,BED6A020-507B-41BD-8658-C092DBC9F369,Preoperative,NO,NA,NO,WHITE,NO,RX,YES,1,190,Primary,1,Male,NA,Pleura,Matched,NA,NA,NA,NA,NA,NA,UD,0,WITH TUMOR,A,NA,NA,NA,NA,NA,NA,NA,NA
meso_tcga,TCGA-UD-AABZ,TCGA-UD-AABZ-01,46,M0,N0,Stage II,6th,T2,Mesothelioma,"Pleural Mesothelioma, Epithelioid Type",NA,NA,NA,NA,0.679,1.188,NA,3610,0,NA,NA,NA,NA,2,NOT HISPANIC OR LATINO,NA,Parent,"Other, specify",6/6/14,0.3122,Epithelioid mesothelioma,No,No,C45.0,9052/3,C38.4,YES,2004,NO,NA,Left,NA,NA,56,NA,Information services,NA,TRUE,PLEMESO,NA,1:DECEASED,NA,97408569-EF36-46D6-941A-ACA9E0AB297E,748DCF78-EECB-400F-87EB-E37002AD234F,TCGA-UD-AABZ.FA7A0AF7-06C4-4F15-B3B6-8B9E39D526B2.pdf,FA7A0AF7-06C4-4F15-B3B6-8B9E39D526B2,Other,YES,NA,NO,WHITE,YES,RX,YES,1,110,Primary,1,Male,NA,Pleura,Matched,NA,NA,NA,NA,NA,NA,UD,1.866666667,WITH TUMOR,A,NA,NA,NA,NA,NA,NA,NA,NA
meso_tcga,TCGA-UD-AAC1,TCGA-UD-AAC1-01,71,M0,N2,Stage III,6th,T2,Mesothelioma,"Pleural Mesothelioma, Epithelioid Type",NA,NA,NA,NA,0.566,1.075,NA,3080,0,NA,NA,NA,NA,2,NOT HISPANIC OR LATINO,NA,NA,NA,6/6/14,0.1165,Epithelioid mesothelioma,No,No,C45.0,9052/3,C38.4,YES,2005,NO,NA,Right,NA,NA,289,YES,Sales person,11,TRUE,PLEMESO,NA,1:DECEASED,NA,F235C37F-CE8D-42EA-9B3F-065FC7E0C8B8,C7890C17-DD5E-4CCC-9BFF-383E9244C4F6,TCGA-UD-AAC1.97EA8988-20F9-4E07-B2A5-C0B584DAC700.pdf,97EA8988-20F9-4E07-B2A5-C0B584DAC700,Preoperative,YES,NA,NO,WHITE,NO,R2,YES,1,710,Primary,1,Female,NA,Pleura,Matched,NA,NA,NA,NA,NA,NA,UD,9.666666667,WITH TUMOR,A,NA,NA,NA,NA,NA,NA,NA,NA
meso_tcga,TCGA-UD-AAC4,TCGA-UD-AAC4-01,65,M0,N2,Stage III,6th,T2,Mesothelioma,Pleural Mesothelioma,NA,NA,NA,NA,0.803,1.301,NA,3302,0,NA,NA,NA,NA,1,NOT HISPANIC OR LATINO,NA,Parent,"Other, specify",6/6/14,0.095,Diffuse malignant mesothelioma - NOS,No,Yes,C45.0,9050/3,C38.4,YES,2004,NO,NA,Left,NA,NA,60,YES,Draughting manager,42,TRUE,PLMESO,NA,1:DECEASED,NA,2B740646-7CD4-4C7F-890A-7B3DB6EBC1B8,09A8E856-9B2A-41E7-AE53-DE57EEA5785E,TCGA-UD-AAC4.8FDC47D6-2DD0-428A-96C1-C6F70D67A07C.pdf,8FDC47D6-2DD0-428A-96C1-C6F70D67A07C,Pre-Adjuvant Therapy,YES,NA,NO,WHITE,NO,R2,YES,1,490,Primary,1,Male,NA,Pleura,Matched,NA,NA,NA,NA,NA,NA,UD,2,WITH TUMOR,A,NA,NA,NA,NA,NA,NA,NA,NA
meso_tcga,TCGA-UD-AAC5,TCGA-UD-AAC5-01,66,M0,N0,Stage I,6th,T1,Mesothelioma,"Pleural Mesothelioma, Epithelioid Type",NA,NA,NA,NA,0.679,1.357,NA,2910,0,NA,NA,NA,NA,0,NOT HISPANIC OR LATINO,NA,NA,NA,6/6/14,0.431,Epithelioid mesothelioma,Yes,No,C45.0,9052/3,C38.4,YES,2005,NO,NA,Left,NA,NA,37,YES,carpenter/builder,32,TRUE,PLEMESO,NA,1:DECEASED,NA,CB245767-F9D2-4CCA-95F0-F3D247C05F01,D644008A-8C2C-4D6A-B834-8E7E71FDAFC7,TCGA-UD-AAC5.5BB63340-2A48-4ACB-A6D0-D8DF68A058B9.pdf,5BB63340-2A48-4ACB-A6D0-D8DF68A058B9,Preoperative,YES,NA,NO,WHITE,YES,RX,YES,1,60,Primary,1,Male,NA,Pleura,Matched,NA,NA,NA,NA,NA,NA,UD,1.2,WITH TUMOR,A,NA,NA,NA,NA,NA,NA,NA,NA
meso_tcga,TCGA-UD-AAC6,TCGA-UD-AAC6-01,67,M0,N0,Stage II,6th,T2,Mesothelioma,"Pleural Mesothelioma, Biphasic Type",NA,NA,NA,NA,0.679,1.244,NA,2817,0,NA,NA,NA,NA,NA,NOT HISPANIC OR LATINO,NA,NA,NA,6/9/14,0.3799,Biphasic mesothelioma,No,No,C45.0,9053/3,C38.4,YES,2006,NO,NA,Left,NA,NA,48,YES,Window tinting,30,TRUE,PLBMESO,NA,1:DECEASED,NA,98889636-E53C-44DF-951E-01A70033E754,07AC22DD-1AFB-4E57-99E1-D00EDE328B3F,TCGA-UD-AAC6.A033FA57-9895-4942-B3D5-0DA6134881AB.pdf,A033FA57-9895-4942-B3D5-0DA6134881AB,NA,YES,NA,NO,WHITE,YES,R2,YES,1,170,Primary,1,Male,NA,Pleura,Matched,NA,NA,NA,NA,NA,NA,UD,1.633333333,WITH TUMOR,A,NA,NA,NA,NA,NA,NA,NA,NA
meso_tcga,TCGA-UD-AAC7,TCGA-UD-AAC7-01,47,M0,N0,Stage II,6th,T2,Mesothelioma,"Pleural Mesothelioma, Epithelioid Type",NA,NA,NA,NA,15,110,NA,1951,0,NA,NA,NA,NA,NA,NOT HISPANIC OR LATINO,NA,NA,NA,6/9/14,0.6474,Epithelioid mesothelioma,No,No,C45.0,9052/3,C38.4,YES,2008,NO,NA,Right,NA,NA,24,YES,NA,NA,TRUE,PLEMESO,NA,1:DECEASED,NA,0AC27BC8-346E-4006-A701-D9676FB91CB7,092AFC9D-A76A-4513-921E-4745ED1123E6,TCGA-UD-AAC7.2CF5E13F-7B32-4D60-BD15-A50AC112DBEB.pdf,2CF5E13F-7B32-4D60-BD15-A50AC112DBEB,NA,YES,NA,NO,WHITE,YES,R2,YES,1,570,Primary,1,Male,NA,Pleura,Matched,NA,NA,NA,NA,NA,NA,UD,0.8333333333,WITH TUMOR,A,NA,NA,NA,NA,NA,NA,NA,NA
meso_tcga,TCGA-UT-A88C,TCGA-UT-A88C-01,62,M0,N2,Stage III,7th,T3,Mesothelioma,"Pleural Mesothelioma, Epithelioid Type",NA,NA,NA,NA,0.45,1.36,577,531,0,NA,NA,NA,NA,0,NOT HISPANIC OR LATINO,NA,NA,NA,4/16/14,0.0975,Epithelioid mesothelioma,No,No,C45.0,9052/3,C38.4,YES,2012,NO,NA,Right,NA,NA,25,YES,Navy Personnel,40,TRUE,PLEMESO,NA,1:DECEASED,NA,B1F27FA2-133C-42C0-B69E-815AF67E2A7E,2E620BA1-1E66-4C1C-BE9E-50D17A09D41E,TCGA-UT-A88C.1ED5E6B0-FEBE-447E-B5A1-3771DAEC0513.pdf,1ED5E6B0-FEBE-447E-B5A1-3771DAEC0513,Preoperative,NO,NA,NO,WHITE,YES,R0,YES,1,60,Primary,1,Male,NA,Pleura,Matched,NA,NA,NA,NA,NA,NA,UT,0.8333333333,WITH TUMOR,B,NA,NA,NA,NA,NA,NA,NA,NA
meso_tcga,TCGA-UT-A88D,TCGA-UT-A88D-01,66,M0,N0,Stage II,7th,T2,Mesothelioma,"Pleural Mesothelioma, Epithelioid Type",NA,NA,NA,NA,0.79,1.24,444,461,0,NA,NA,NA,NA,0,NOT HISPANIC OR LATINO,NA,NA,NA,4/16/14,0.0385,Epithelioid mesothelioma,No,Yes,C45.0,9052/3,C38.4,YES,2012,NO,NA,Left,NA,NA,37,NO,Asbestos Product Manufacturing,18,TRUE,PLEMESO,NA,1:DECEASED,NA,10981CF9-C8E6-48C0-BC34-F06DB6E1AC28,FF938FE1-993F-4962-A9C4-2BBE83E098B7,TCGA-UT-A88D.4C85EB8F-AC6C-4DD6-8B53-378667002491.pdf,4C85EB8F-AC6C-4DD6-8B53-378667002491,Preoperative,NO,NA,NO,WHITE,YES,R0,YES,1,70,Primary,1,Male,NA,Pleura,Matched,NA,NA,NA,NA,NA,NA,UT,1.233333333,TUMOR FREE,B,NA,NA,NA,NA,NA,NA,NA,NA
meso_tcga,TCGA-UT-A88E,TCGA-UT-A88E-01,74,M0,N0,Stage I,7th,T1,Mesothelioma,"Pleural Mesothelioma, Epithelioid Type",NA,NA,NA,NA,0.45,1.36,NA,398,0,NA,NA,NA,NA,0,NOT HISPANIC OR LATINO,NA,NA,NA,4/16/14,0.2184,Epithelioid mesothelioma,No,No,C45.0,9052/3,C38.4,YES,2012,NO,NA,Right,NA,NA,53,YES,NA,39,TRUE,PLEMESO,NA,1:DECEASED,NA,77C64E5D-DA34-467A-A8D3-C79060700E4F,517829F2-DC74-41EC-8C5B-10C40F1F0D10,TCGA-UT-A88E.BA1F0E9D-7A2A-400F-B4E5-1B5A20E3EA0F.pdf,BA1F0E9D-7A2A-400F-B4E5-1B5A20E3EA0F,Preoperative,NO,NA,NO,WHITE,NO,RX,YES,1,80,Primary,1,Male,NA,Pleura,Matched,NA,NA,NA,NA,NA,NA,UT,1.8,WITH TUMOR,B,NA,NA,NA,NA,NA,NA,NA,NA
meso_tcga,TCGA-UT-A88G,TCGA-UT-A88G-01,73,M0,N0,Stage III,7th,T3,Mesothelioma,"Pleural Mesothelioma, Biphasic Type",NA,NA,NA,NA,0.62,1.24,NA,685,0,NA,NA,NA,NA,1,NOT HISPANIC OR LATINO,NA,NA,NA,4/16/14,0.7593,Biphasic mesothelioma,No,No,C45.0,9053/3,C38.4,YES,2012,NO,NA,Right,NA,NA,29,YES,NA,NA,TRUE,PLBMESO,NA,1:DECEASED,NA,99826DAA-EB83-40BA-950D-0BB7084D960D,1AEF59EC-BCE5-4459-928A-98305F160737,TCGA-UT-A88G.0A21CA31-B711-4E7D-8616-7F0A064C1A03.pdf,0A21CA31-B711-4E7D-8616-7F0A064C1A03,Preoperative,NO,NA,NO,WHITE,NO,RX,YES,1,30,Primary,1,Male,NA,Pleura,Matched,NA,NA,NA,NA,NA,NA,UT,0.9666666667,WITH TUMOR,B,NA,NA,NA,NA,NA,NA,NA,NA
meso_tcga,TCGA-UT-A97Y,TCGA-UT-A97Y-01,81,M0,N0,Stage I,7th,T1,Mesothelioma,"Pleural Mesothelioma, Epithelioid Type",NA,NA,NA,NA,0.34,1.13,NA,735,0,NA,NA,NA,NA,2,NOT HISPANIC OR LATINO,NA,Child|Grandparent,"Other, specify|Other, specify",4/16/14,0,Epithelioid mesothelioma,No,No,C45.0,9052/3,C38.4,YES,2011,NO,NA,Right,NA,NA,31,NO,Office worker,NA,TRUE,PLEMESO,NA,1:DECEASED,NA,C9CE1F62-2DF1-4974-868B-D075781CE282,856F3C34-B1E6-4D3D-9D1C-4507FCCF1359,TCGA-UT-A97Y.81859C99-1011-4421-A5E3-87844EB925F0.pdf,81859C99-1011-4421-A5E3-87844EB925F0,Other,NO,NA,NO,WHITE,NO,RX,YES,1,280,Primary,1,Female,NA,Pleura,Matched,NA,NA,NA,NA,NA,NA,UT,1.033333333,WITH TUMOR,A,NA,NA,NA,NA,NA,NA,NA,NA
meso_tcga,TCGA-XT-AASU,TCGA-XT-AASU-01,60,MX,NX,Stage III,6th,T3,Mesothelioma,"Pleural Mesothelioma, Biphasic Type",NA,NA,NA,NA,NA,NA,NA,2943,0,NA,NA,NA,NA,2,NOT HISPANIC OR LATINO,NA,Parent|Sibling,"Other, specify|Other, specify",6/13/14,0.1727,Biphasic mesothelioma,No,No,C45.0,9053/3,C38.4,YES,2005,NO,80,Right,NA,NA,66,YES,sheet mill worker,NA,TRUE,PLBMESO,NA,1:DECEASED,NA,A48996BE-7DAE-451A-8129-9DE8DFE7221A,E88C76CC-6F79-4DD5-92BA-4CE8CF9258C3,TCGA-XT-AASU.C8BD557C-7182-404C-A6BB-066CD61D2654.pdf,C8BD557C-7182-404C-A6BB-066CD61D2654,Preoperative,YES,NA,NO,WHITE,NO,R0,YES,1,160,Primary,1,Male,NA,Pleura,Matched,NA,NA,NA,NA,NA,NA,XT,2.233333333,WITH TUMOR,A,NA,NA,NA,NA,NA,NA,NA,NA
meso_tcga,TCGA-YS-A95B,TCGA-YS-A95B-01,28,M0,N3,Stage IV,6th,T4,Mesothelioma,"Pleural Mesothelioma, Epithelioid Type",NA,NA,NA,NA,0.5,0.9,NA,1638,0,NA,NA,NA,NA,NA,NA,NA,NA,NA,6/25/14,0.1954,Epithelioid mesothelioma,No,No,C45.0,9052/3,C38.4,YES,2009,NO,NA,Left,NA,NA,23,NO,Teacher,NA,FALSE,PLEMESO,NA,1:DECEASED,NA,36606C1F-9A12-465A-A2D9-2491FDC54A88,3DC06CB0-B119-46DE-A1F4-03CF8BDE781B,TCGA-YS-A95B.F57E6E47-4A8E-42C2-ABB8-DD81EF21DBF6.pdf,F57E6E47-4A8E-42C2-ABB8-DD81EF21DBF6,NA,NO,NA,NO,WHITE,NO,R2,YES,1,90,Primary,1,Female,NA,Pleura,Matched,NA,NA,NA,NA,NA,NA,YS,0.7666666667,WITH TUMOR,A,NA,NA,NA,NA,NA,NA,NA,NA
meso_tcga,TCGA-YS-A95C,TCGA-YS-A95C-01,54,M0,N2,Stage III,7th,T1,Mesothelioma,"Pleural Mesothelioma, Epithelioid Type",NA,NA,NA,NA,NA,NA,NA,177,0,NA,NA,NA,NA,NA,NA,NA,Parent,"Other, specify",9/5/14,0.2288,Epithelioid mesothelioma,No,No,C45.0,9052/3,C38.4,YES,2013,NO,NA,Right,NA,NA,25,NO,NA,NA,FALSE,PLEMESO,NA,1:DECEASED,NA,CA9031AA-87E5-4D5B-A526-3615EFAC3077,E5275B87-7773-4731-B362-3CF7B11C8D21,TCGA-YS-A95C.6067AFDB-9347-4212-BA91-FD839E999AEC.pdf,6067AFDB-9347-4212-BA91-FD839E999AEC,NA,NO,NA,NO,WHITE,NO,R0,YES,1,770,Primary,1,Male,NA,Pleura,Matched,NA,NA,NA,NA,NA,NA,YS,0.8333333333,TUMOR FREE,A,NA,NA,NA,NA,NA,NA,NA,NA
meso_tcga,TCGA-YS-AA4M,TCGA-YS-AA4M-01,66,M1,N0,Stage IV,7th,T1b,Mesothelioma,Pleural Mesothelioma,NA,NA,NA,NA,NA,NA,NA,91,0,NA,NA,NA,NA,2,NA,NA,NA,NA,6/25/14,0.0007,Diffuse malignant mesothelioma - NOS,No,No,C45.0,9050/3,C38.4,YES,2013,NO,NA,Right,NA,NA,33,YES,Farmer,NA,FALSE,PLMESO,NA,1:DECEASED,NA,2DD1ECD8-A8D8-4A6A-8CF2-E847557AB04C,63A14E86-8FF6-440D-9EB0-2AE0437947EA,TCGA-YS-AA4M.90EF92D1-7D02-4A39-8C93-5F88EAC28516.pdf,90EF92D1-7D02-4A39-8C93-5F88EAC28516,Preoperative,NO,NA,NO,WHITE,NO,R2,YES,1,30,Primary,1,Male,NA,Pleura,Matched,NA,NA,NA,NA,NA,NA,YS,1.133333333,WITH TUMOR,A,NA,NA,NA,NA,NA,NA,NA,NA
meso_tcga,TCGA-ZN-A9VO,TCGA-ZN-A9VO-01,36,M1,N2,Stage IV,7th,T4,Mesothelioma,"Pleural Mesothelioma, Epithelioid Type",NA,NA,NA,NA,0.5,1.2,261,765,0,NA,NA,0:DiseaseFree,NA,NA,NOT HISPANIC OR LATINO,NA,NA,NA,9/26/14,0.2205,Epithelioid mesothelioma,No,No,C45.0,9052/3,C38.4,YES,2011,NO,90,Right,NA,NA,45,NO,IT,NA,TRUE,PLEMESO,8.58072788,0:LIVING,NA,894B5569-4E33-4E8D-A70C-63DD4C74C3CF,D39DA5A5-2C0D-40E1-B0BF-C9C75530A2C5,TCGA-ZN-A9VO.D10B7DE3-1AE6-42A3-BC9A-53CECC84BD96.pdf,D10B7DE3-1AE6-42A3-BC9A-53CECC84BD96,Preoperative,YES,NA,NO,WHITE,YES,NA,YES,1,90,Primary,1,Male,NA,Pleura,Matched,NA,NA,NA,NA,NA,NA,ZN,1.5,TUMOR FREE,A,NA,NA,NA,NA,NA,NA,NA,NA
meso_tcga,TCGA-ZN-A9VP,TCGA-ZN-A9VP-01,51,MX,N2,Stage III,7th,T3,Mesothelioma,"Pleural Mesothelioma, Epithelioid Type",NA,NA,NA,NA,0.5,1.2,228,573,0,NA,NA,0:DiseaseFree,NA,NA,NOT HISPANIC OR LATINO,NA,Parent,"Other, specify",9/26/14,0.3342,Epithelioid mesothelioma,No,No,C45.0,9052/3,C38.4,YES,2012,NO,100,Right,NA,NA,41,NO,UPS employee,NA,TRUE,PLEMESO,7.49580827,0:LIVING,NA,EB5A5B41-B493-408C-902E-C625F5BA7D2F,6C2DF08B-0741-4833-B8A6-66CBED736DFC,TCGA-ZN-A9VP.71F1B1F6-D19F-48F1-BADC-AE97F4DB5958.pdf,71F1B1F6-D19F-48F1-BADC-AE97F4DB5958,Preoperative,YES,NA,NO,WHITE,NO,NA,YES,1,20,Primary,1,Male,NA,Pleura,Matched,NA,NA,NA,NA,NA,NA,ZN,1.366666667,TUMOR FREE,A,NA,NA,NA,NA,NA,NA,NA,NA
meso_tcga,TCGA-ZN-A9VQ,TCGA-ZN-A9VQ-01,61,MX,N0,Stage I,7th,T1,Mesothelioma,"Pleural Mesothelioma, Biphasic Type",NA,NA,NA,NA,0.5,1.2,499,420,0,NA,NA,0:DiseaseFree,NA,NA,NOT HISPANIC OR LATINO,NA,NA,NA,9/26/14,0.1567,Biphasic mesothelioma,No,No,C45.0,9053/3,C38.4,YES,2012,NO,90,Right,NA,NA,9,YES,Navy and corrections officer,23,TRUE,PLBMESO,16.4052997,0:LIVING,NA,F8970455-BFB2-4B1D-AB71-3C5D619898AD,546BA1F1-7E16-4701-875A-8E9DD426FB76,TCGA-ZN-A9VQ.9FAAD3FA-195F-48A3-A09C-603C8635990A.pdf,9FAAD3FA-195F-48A3-A09C-603C8635990A,Preoperative,NO,NA,NO,WHITE,NO,NA,YES,1,160,Primary,1,Male,NA,Pleura,Matched,NA,NA,NA,NA,NA,NA,ZN,0.3,WITH TUMOR,A,NA,NA,NA,NA,NA,NA,NA,NA
meso_tcga,TCGA-ZN-A9VS,TCGA-ZN-A9VS-01,67,MX,N0,Stage III,7th,T3,Mesothelioma,"Pleural Mesothelioma, Epithelioid Type",NA,NA,NA,NA,0.5,1.2,1025,772,0,NA,NA,0:DiseaseFree,NA,NA,NOT HISPANIC OR LATINO,NA,Parent|Sibling,"Other, specify|Melanoma",9/26/14,0.0954,Epithelioid mesothelioma,No,No,C45.0,9052/3,C38.4,YES,2011,NO,100,Right,NA,NA,97,YES,NA,NA,TRUE,PLEMESO,40.3721603,0:LIVING,NA,676EA428-80EF-4371-B90B-95E46708278C,0C4EFD25-9A31-404C-856D-7DF587E99D60,TCGA-ZN-A9VS.B47307E4-CEA2-4965-BAE9-16184AFFC8BA.pdf,B47307E4-CEA2-4965-BAE9-16184AFFC8BA,Preoperative,NA,NA,NO,WHITE,NA,NA,YES,1,60,Primary,1,Male,NA,Pleura,Matched,NA,NA,NA,NA,NA,NA,ZN,3.333333333,WITH TUMOR,A,NA,NA,NA,NA,NA,NA,NA,NA
meso_tcga,TCGA-ZN-A9VU,TCGA-ZN-A9VU-01,70,MX,N0,Stage II,7th,T2,Mesothelioma,"Pleural Mesothelioma, Epithelioid Type",NA,NA,NA,NA,0.5,1.2,739,490,0,NA,NA,0:DiseaseFree,NA,NA,NOT HISPANIC OR LATINO,NA,Parent,"Other, specify",9/26/14,0.1627,Epithelioid mesothelioma,No,No,C45.0,9052/3,C38.4,YES,2012,NO,100,Left,NA,NA,44,YES,plumber,NA,TRUE,PLEMESO,32.1201959,0:LIVING,NA,F15667DC-8376-40B6-84B2-8F5370C3D66A,19F16605-375C-4187-B8D1-93FE3454080E,TCGA-ZN-A9VU.671AF4AB-2F31-4C7B-AA46-B066EE103CF7.pdf,671AF4AB-2F31-4C7B-AA46-B066EE103CF7,Preoperative,NO,NA,NO,WHITE,NA,NA,YES,1,70,Primary,1,Male,NA,Pleura,Matched,NA,NA,NA,NA,NA,NA,ZN,1.466666667,TUMOR FREE,A,NA,NA,NA,NA,NA,NA,NA,NA
meso_tcga,TCGA-ZN-A9VV,TCGA-ZN-A9VV-01,68,MX,N2,Stage III,7th,T3,Mesothelioma,"Pleural Mesothelioma, Biphasic Type",NA,NA,NA,NA,0.5,1.2,1299,1182,0,NA,NA,0:DiseaseFree,NA,NA,NOT HISPANIC OR LATINO,NA,NA,NA,9/26/14,0.0294,Biphasic mesothelioma,No,No,C45.0,9053/3,C38.4,YES,2010,NO,NA,Right,NA,NA,71,YES,NA,NA,TRUE,PLBMESO,43.0351448,0:LIVING,NA,CB94A8AE-2B0C-4D0B-ADA3-4C82DD765567,DB94E017-E31A-465C-811A-FB7C654AA057,TCGA-ZN-A9VV.E6BF6C0B-1B9E-42A3-964F-5F9A12817496.pdf,E6BF6C0B-1B9E-42A3-964F-5F9A12817496,NA,YES,NA,NO,WHITE,NO,NA,YES,1,260,Primary,1,Male,NA,Pleura,Matched,NA,NA,NA,NA,NA,NA,ZN,2.4,WITH TUMOR,A,NA,NA,NA,NA,NA,NA,NA,NA
meso_tcga,TCGA-ZN-A9VW,TCGA-ZN-A9VW-01,61,MX,N0,Stage IV,7th,T4,Mesothelioma,"Pleural Mesothelioma, Biphasic Type",NA,NA,NA,NA,0.5,1.2,NA,1246,0,NA,NA,NA,NA,NA,NOT HISPANIC OR LATINO,NA,Grandparent,"Other, specify",9/26/14,0.1941,Biphasic mesothelioma,No,No,C45.0,9053/3,C38.4,YES,2010,NO,NA,Right,NA,NA,110,YES,"military, trucking, environmental exposures",NA,TRUE,PLBMESO,NA,1:DECEASED,NA,54D21956-25E4-42DF-ADBE-6907721FC4B5,D9BD04F9-42B6-4DBD-A770-0FA5DA681290,TCGA-ZN-A9VW.C3231F34-1580-4BBC-ABEF-BF2693249E3C.pdf,C3231F34-1580-4BBC-ABEF-BF2693249E3C,NA,NO,NA,NO,WHITE,NO,NA,YES,1,200,Primary,1,Male,NA,Pleura,Matched,NA,NA,NA,NA,NA,NA,ZN,3.666666667,WITH TUMOR,A,NA,NA,NA,NA,NA,NA,NA,NA