Study ID,Patient ID,Sample ID,Ablation embolization tx adjuvant,Diagnosis Age,Neoplasm Disease Stage American Joint Committee on Cancer Code,American Joint Committee on Cancer Publication Version Type,Cancer Type,Cancer Type Detailed,Neoplasm American Joint Committee on Cancer Clinical Group Stage,Neoplasm American Joint Committee on Cancer Clinical Distant Metastasis M Stage,Neoplasm American Joint Committee on Cancer Clinical Regional Lymph Node N Stage,Neoplasm American Joint Committee on Cancer Clinical Primary Tumor T Stage,Days to Sample Collection.,Last Alive Less Initial Pathologic Diagnosis Date Calculated Day Value,Days to Sample Procurement,Disease Free (Months),Disease Free Status,Disease code,Ethnicity Category,Lymphomatous Extranodal Site Involvement Indicator,Fraction Genome Altered,Patient Height,Neoplasm Histologic Type Name,Neoadjuvant Therapy Type Administered Prior To Resection Text,Prior Cancer Diagnosis Occurence,ICD-10 Classification,"International Classification of Diseases for Oncology, Third Edition ICD-O-3 Histology Code","International Classification of Diseases for Oncology, Third Edition ICD-O-3 Site Code",Informed consent verified,Year Cancer Initial Diagnosis,Is FFPE,Longest Dimension,First Pathologic Diagnosis Biospecimen Acquisition Method Type,First Pathologic Diagnosis Biospecimen Acquisition Other Method Type,First Pathologic Diagnosis Biospecimen Acquisition Method Type,Mutation Count,New Neoplasm Event Post Initial Therapy Indicator,Oct embedded,Oncotree Code,Overall Survival (Months),Overall Survival Status,Specimen Collection Method,Other Patient ID,Other Sample ID,Pathology Report File Name,Pathology report uuid,American Joint Committee on Cancer Metastasis Stage Code,Neoplasm Disease Lymph Node Stage American Joint Committee on Cancer Code,American Joint Committee on Cancer Tumor Stage Code,Adjuvant Postoperative Pharmaceutical Therapy Administered Indicator,Project code,Tissue Prospective Collection Indicator,Race Category,Did patient start adjuvant postoperative radiotherapy?,Tissue Retrospective Collection Indicator,Number of Samples Per Patient,Sample Initial Weight,Sample Type,Sample type id,Sex,Shortest Dimension,Somatic Status,Specimen Current Weight,Specimen Freezing Means,Specimen Second Longest Dimension,Stage Other,Time between clamping and freezing,Time between excision and freezing,Tissue Source Site,TMB (nonsynonymous),Tumor Site,Person Neoplasm Status,Vial number,Patient Weight
thym_tcga,TCGA-3G-AB0O,TCGA-3G-AB0O-01,NO,47,NA,NA,Thymic Tumor,Thymoma,NA,NA,NA,NA,1779,0,NA,68.53,0:DiseaseFree,NA,NOT HISPANIC OR LATINO,NA,0,172,Thymoma; Type B1,No,No,C37,8583/3,C37.9,YES,2009,NO,NA,Core needle biopsy,NA,NA,4,NO,FALSE,THYM,68.53,0:LIVING,NA,3F19D238-1B55-4530-A9E2-8FDA644D45A6,1836DAAB-B521-40FB-8C0E-1222C12D9297,TCGA-3G-AB0O.6FAA90E1-454A-4862-B6B1-30A3892DECFB.pdf,6FAA90E1-454A-4862-B6B1-30A3892DECFB,NA,NA,NA,NO,NA,NO,WHITE,NO,YES,1,240,Primary,1,Male,NA,Matched,NA,NA,NA,NA,NA,NA,3G,0.1333333333,Thymus,TUMOR FREE,A,99
thym_tcga,TCGA-3G-AB0Q,TCGA-3G-AB0Q-01,NO,66,NA,NA,Thymic Tumor,Thymoma,NA,NA,NA,NA,1681,0,NA,59.1,0:DiseaseFree,NA,NOT HISPANIC OR LATINO,NA,0.0198,175,Thymoma; Type A,Yes,No,C37,8581/3,C37.9,YES,2009,NO,NA,Fine needle aspiration biopsy,NA,NA,15,NO,FALSE,THYM,59.1,0:LIVING,NA,67FF3AA1-9D52-4DC8-8501-ECD0D37A8735,28A66D95-1169-48EC-9CDD-FADCDF04CE24,TCGA-3G-AB0Q.76FF0EA8-C540-4F12-B44E-8F2DD900C34B.pdf,76FF0EA8-C540-4F12-B44E-8F2DD900C34B,NA,NA,NA,NO,NA,NO,WHITE,YES,YES,1,50,Primary,1,Male,NA,Matched,NA,NA,NA,NA,NA,NA,3G,0.5,Thymus,TUMOR FREE,A,67
thym_tcga,TCGA-3G-AB0T,TCGA-3G-AB0T-01,NA,45,NA,NA,Thymic Tumor,Thymoma,NA,NA,NA,NA,4923,0,NA,58.67,1:Recurred/Progressed,NA,NOT HISPANIC OR LATINO,NA,0.0207,185,Thymoma; Type B1,Yes,No,C37,8583/3,C37.9,YES,2000,NO,NA,Clamshell Sternectomy,NA,NA,8,YES,FALSE,THYM,81.73,1:DECEASED,NA,ACAAED1A-2667-4C56-919B-DAF5574371BB,06960758-D884-4E55-B9FE-AA819ED57B9E,TCGA-3G-AB0T.C865D85C-7DC0-4740-8AC5-38490B0A1C31.pdf,C865D85C-7DC0-4740-8AC5-38490B0A1C31,NA,NA,NA,NO,NA,NO,WHITE,YES,YES,1,180,Primary,1,Male,NA,Matched,NA,NA,NA,NA,NA,NA,3G,0.2666666667,Anterior Mediastinum,WITH TUMOR,A,113
thym_tcga,TCGA-3G-AB14,TCGA-3G-AB14-01,NO,51,NA,NA,Thymic Tumor,Thymoma,NA,NA,NA,NA,611,0,NA,NA,NA,NA,NOT HISPANIC OR LATINO,NA,0.1027,169,Thymoma; Type B2,No,No,C37,8584/3,C37.9,YES,2012,NO,NA,Fine needle aspiration biopsy,NA,NA,11,NO,FALSE,THYM,25.46,1:DECEASED,NA,6E98A600-252D-442F-9372-DDC7C5338AE7,3924A723-4274-4FA4-A2A0-B8F6894DA801,TCGA-3G-AB14.0B31AEFF-6AA2-4C90-B827-0EA47BE38B86.pdf,0B31AEFF-6AA2-4C90-B827-0EA47BE38B86,NA,NA,NA,NO,NA,NO,WHITE,NO,YES,1,110,Primary,1,Male,NA,Matched,NA,NA,NA,NA,NA,NA,3G,0.3666666667,Thymus,TUMOR FREE,A,50
thym_tcga,TCGA-3G-AB19,TCGA-3G-AB19-01,NO,76,NA,NA,Thymic Tumor,Thymoma,NA,NA,NA,NA,2571,0,NA,79.76,1:Recurred/Progressed,NA,NOT HISPANIC OR LATINO,NA,0.011,149,Thymoma; Type A,No,Yes,C37,8581/3,C37.9,YES,2006,NO,NA,Fine needle aspiration biopsy,NA,NA,17,YES,FALSE,THYM,95.6,1:DECEASED,NA,81FDC97F-8BAD-4286-9D36-9A887C6B59A1,58C9A046-96CD-4FBD-A1CD-5EE00B9ECFFC,TCGA-3G-AB19.99C1BFF5-733A-44EC-92D4-467771ED539D.pdf,99C1BFF5-733A-44EC-92D4-467771ED539D,NA,NA,NA,NO,NA,NO,WHITE,YES,YES,1,210,Primary,1,Female,NA,Matched,NA,NA,NA,NA,NA,NA,3G,0.5666666667,Thymus,TUMOR FREE,A,112
thym_tcga,TCGA-3Q-A9WF,TCGA-3Q-A9WF-01,NO,71,NA,NA,Thymic Tumor,Thymoma,NA,NA,NA,NA,154,0,NA,15.34,0:DiseaseFree,NA,NOT HISPANIC OR LATINO,NA,0,NA,Thymoma; Type B2,No,No,C37,8584/3,C37.9,YES,2013,NO,NA,Median Sternectomy,NA,NA,2,NO,FALSE,THYM,15.34,0:LIVING,NA,FBC5DEBD-F117-4ADE-81B0-45D49FDD50A1,71934349-AB7A-41E5-A871-CFD54F9F103A,TCGA-3Q-A9WF.9B8C858A-F093-43E8-8741-A5506A4D71EA.pdf,9B8C858A-F093-43E8-8741-A5506A4D71EA,NA,NA,NA,NO,NA,NO,BLACK OR AFRICAN AMERICAN,NO,YES,1,300,Primary,1,Male,NA,Matched,NA,NA,NA,NA,NA,NA,3Q,0.06666666667,Thymus,NA,A,NA
thym_tcga,TCGA-3S-A8YW,TCGA-3S-A8YW-01,NO,63,NA,NA,Thymic Tumor,Thymoma,NA,NA,NA,NA,112,0,NA,7.36,1:Recurred/Progressed,NA,HISPANIC OR LATINO,NA,0.5624,172,Thymoma; Type C,No,No,C37,8586/3,C37.9,YES,2013,NO,NA,Surgical Resection,NA,NA,31,YES,TRUE,THYM,21.12,0:LIVING,NA,440421AD-5F1F-4345-86A2-FC25CB7CD453,F63A9662-3807-431C-A5DB-758711A84FDC,TCGA-3S-A8YW.F59BF4F4-ED39-45DD-AD20-FC3BDD08F73A.pdf,F59BF4F4-ED39-45DD-AD20-FC3BDD08F73A,NA,NA,NA,NO,NA,YES,WHITE,YES,NO,1,220,Primary,1,Male,NA,Matched,NA,NA,NA,NA,NA,NA,3S,1.066666667,Thymus,TUMOR FREE,A,91
thym_tcga,TCGA-3S-AAYX,TCGA-3S-AAYX-01,NO,55,NA,NA,Thymic Tumor,Thymoma,NA,NA,NA,NA,29,0,NA,18.76,0:DiseaseFree,NA,HISPANIC OR LATINO,NA,0.0001,166,Thymoma; Type B1,No,No,C37,8583/1,C37.9,YES,2013,NO,NA,Surgical Resection,NA,NA,1,NO,TRUE,THYM,18.76,0:LIVING,NA,4FC4CBA2-7212-4755-B53D-111878B2FF90,27C3269B-BAF9-4524-8926-C351ECFC79D3,TCGA-3S-AAYX.6C131213-2F94-4A92-B62D-D8D40A77C9FA.pdf,6C131213-2F94-4A92-B62D-D8D40A77C9FA,NA,NA,NA,NO,NA,YES,WHITE,YES,NO,1,220,Primary,1,Female,NA,Matched,NA,NA,NA,NA,NA,NA,3S,0.03333333333,Thymus,TUMOR FREE,A,72
thym_tcga,TCGA-3T-AA9L,TCGA-3T-AA9L-01,NO,31,NA,NA,Thymic Tumor,Thymoma,NA,NA,NA,NA,741,0,NA,23.06,1:Recurred/Progressed,NA,NA,NA,0.0002,168,Thymoma; Type B1,No,No,C37,8583/3,C37.9,YES,2011,NO,NA,Video-assisted Thorascopic Surgery (VATS),NA,NA,1,NO,TRUE,THYM,34.49,0:LIVING,NA,EDDB3067-A0E5-461F-A8B8-95081EC67DE0,73B16F16-D544-4FEF-96EF-FBA6D338D32B,TCGA-3T-AA9L.DD88E259-D9C9-4408-ACDC-95715ADD7D1E.pdf,DD88E259-D9C9-4408-ACDC-95715ADD7D1E,NA,NA,NA,NO,NA,NO,WHITE,NO,YES,1,40,Primary,1,Female,NA,Matched,NA,NA,NA,NA,NA,NA,3T,0.03333333333,Anterior Mediastinum,TUMOR FREE,A,86
thym_tcga,TCGA-4V-A9QI,TCGA-4V-A9QI-01,NO,68,NA,NA,Thymic Tumor,Thymoma,NA,NA,NA,NA,2519,0,NA,96.45,0:DiseaseFree,NA,NOT HISPANIC OR LATINO,NA,0,159,Thymoma; Type B2,No,No,C37,8584/3,C37.9,YES,2007,NO,NA,Median Sternectomy,NA,NA,2,NO,FALSE,THYM,96.45,0:LIVING,NA,EEAA0FA3-408C-4E0F-A18A-095514173FF1,8D74B783-9039-4F17-8AAC-E087561D5059,TCGA-4V-A9QI.8EF06119-8FF2-4C74-A8CD-373103E3102F.pdf,8EF06119-8FF2-4C74-A8CD-373103E3102F,NA,NA,NA,NO,NA,NO,WHITE,YES,YES,1,50,Primary,1,Male,NA,Matched,NA,NA,NA,NA,NA,NA,4V,0.06666666667,Thymus,TUMOR FREE,A,48
thym_tcga,TCGA-4V-A9QJ,TCGA-4V-A9QJ-01,NO,64,NA,NA,Thymic Tumor,Thymoma,NA,NA,NA,NA,2512,0,NA,26.05,1:Recurred/Progressed,NA,NOT HISPANIC OR LATINO,NA,0.0058,180,Thymoma; Type B3,No,No,C37,8585/3,C37.9,YES,2007,NO,NA,Median Sternectomy,NA,NA,9,YES,FALSE,THYM,93.59,0:LIVING,NA,50612721-2E12-4DC3-8E1E-87624CF9333B,CA4818AB-7870-4D53-B7D3-C62293D1D765,TCGA-4V-A9QJ.537BEDFA-F6F2-48AC-94BB-6279B07DF89D.pdf,537BEDFA-F6F2-48AC-94BB-6279B07DF89D,NA,NA,NA,NO,NA,NO,WHITE,YES,YES,1,20,Primary,1,Male,NA,Matched,NA,NA,NA,NA,NA,NA,4V,0.3,Thymus,TUMOR FREE,A,80
thym_tcga,TCGA-4V-A9QL,TCGA-4V-A9QL-01,NO,58,NA,NA,Thymic Tumor,Thymoma,NA,NA,NA,NA,1502,0,NA,62.68,0:DiseaseFree,NA,NOT HISPANIC OR LATINO,NA,0.007,150,Thymoma; Type AB,No,No,C37,8582/3,C37.9,YES,2009,NO,NA,Median Sternectomy,NA,NA,9,NO,FALSE,THYM,62.68,0:LIVING,NA,F4EE567B-EA34-4BD0-96C9-398E2045D5FD,6B6FA307-F404-4284-972E-5FEACB69D60F,TCGA-4V-A9QL.2126DC95-17BF-4B43-A168-6930FC2ACD52.pdf,2126DC95-17BF-4B43-A168-6930FC2ACD52,NA,NA,NA,NO,NA,NO,WHITE,NO,YES,1,180,Primary,1,Female,NA,Matched,NA,NA,NA,NA,NA,NA,4V,0.3,Thymus,TUMOR FREE,A,52
thym_tcga,TCGA-4V-A9QM,TCGA-4V-A9QM-01,NO,39,NA,NA,Thymic Tumor,Thymoma,NA,NA,NA,NA,980,0,NA,41.16,0:DiseaseFree,NA,NOT HISPANIC OR LATINO,NA,0.0051,169,Thymoma; Type AB,No,No,C37,8582/3,C37.9,YES,2011,NO,NA,Median Sternectomy,NA,NA,10,NO,FALSE,THYM,41.16,0:LIVING,NA,0BE4FA90-0122-4B26-B35F-7B1A4A16E63B,F70B46DA-2CA0-471C-8322-1C2CDA0B1680,TCGA-4V-A9QM.542FEBB4-FF25-4B2C-8202-172643C48110.pdf,542FEBB4-FF25-4B2C-8202-172643C48110,NA,NA,NA,NO,NA,NO,WHITE,NO,YES,1,90,Primary,1,Male,NA,Matched,NA,NA,NA,NA,NA,NA,4V,0.3333333333,Thymus,TUMOR FREE,A,67
thym_tcga,TCGA-4V-A9QN,TCGA-4V-A9QN-01,NO,40,NA,NA,Thymic Tumor,Thymoma,NA,NA,NA,NA,654,0,NA,30.78,1:Recurred/Progressed,NA,HISPANIC OR LATINO,NA,0.2946,176,Thymoma; Type B3,No,No,C37,8585/3,C37.9,YES,2012,NO,NA,Core needle biopsy,NA,NA,8,NO,FALSE,THYM,31.87,0:LIVING,NA,51ABE033-5FB4-49B5-89EF-C44D0BB1AB00,85230C6B-9E71-49B7-A6CA-4815E969ECA6,TCGA-4V-A9QN.07DD75FD-403E-45F9-8254-4222A981ECC7.pdf,07DD75FD-403E-45F9-8254-4222A981ECC7,NA,NA,NA,NO,NA,NO,WHITE,YES,YES,1,210,Primary,1,Female,NA,Matched,NA,NA,NA,NA,NA,NA,4V,0.2666666667,Thymus,TUMOR FREE,A,55
thym_tcga,TCGA-4V-A9QQ,TCGA-4V-A9QQ-01,NO,65,NA,NA,Thymic Tumor,Thymoma,NA,NA,NA,NA,1150,0,NA,50.89,1:Recurred/Progressed,NA,NOT HISPANIC OR LATINO,NA,0,156,Thymoma; Type B3,No,No,C37,8585/3,C37.9,YES,2010,NO,NA,Median Sternectomy,NA,NA,7,YES,FALSE,THYM,51.64,0:LIVING,NA,7A99A808-5AC7-49B3-87F6-106663EB323F,8EC2FBDF-BDAC-4EED-B066-B7196111903A,TCGA-4V-A9QQ.FA7EAFFE-8B79-412E-927B-A08E07E08B88.pdf,FA7EAFFE-8B79-412E-927B-A08E07E08B88,NA,NA,NA,YES,NA,NO,WHITE,YES,YES,1,70,Primary,1,Female,NA,Matched,NA,NA,NA,NA,NA,NA,4V,0.2333333333,Thymus,TUMOR FREE,A,51
thym_tcga,TCGA-4V-A9QR,TCGA-4V-A9QR-01,NO,51,NA,NA,Thymic Tumor,Thymoma,NA,NA,NA,NA,377,0,NA,25.62,0:DiseaseFree,NA,NOT HISPANIC OR LATINO,NA,0.1212,157,Thymoma; Type B3,No,No,C37,8585/3,C37.9,YES,2012,NO,NA,Median Sternectomy,NA,NA,15,NO,FALSE,THYM,25.62,0:LIVING,NA,85D1AFDF-6164-49E1-B599-71512C5ACD99,3285A7EE-7AAD-4B75-B785-5793EC9554BA,TCGA-4V-A9QR.70B5468B-8FF8-4959-931D-669CF01D85BB.pdf,70B5468B-8FF8-4959-931D-669CF01D85BB,NA,NA,NA,NO,NA,NO,WHITE,YES,YES,1,30,Primary,1,Female,NA,Matched,NA,NA,NA,NA,NA,NA,4V,0.5,Thymus,TUMOR FREE,A,54
thym_tcga,TCGA-4V-A9QS,TCGA-4V-A9QS-01,NO,53,NA,NA,Thymic Tumor,Thymoma,NA,NA,NA,NA,375,0,NA,24.7,1:Recurred/Progressed,NA,NOT HISPANIC OR LATINO,NA,0.0338,161,Thymoma; Type B2,No,No,C37,8584/3,C37.9,YES,2012,NO,NA,Median Sternectomy,NA,NA,4,NO,FALSE,THYM,25.43,0:LIVING,NA,88C0AF76-B1BA-478F-A42B-8A50C0568D5E,E9854C47-64B8-4BF0-80DB-FFA8482B7B7E,TCGA-4V-A9QS.54CD5E0C-790C-47CF-A9BF-F63476FEA6B2.pdf,54CD5E0C-790C-47CF-A9BF-F63476FEA6B2,NA,NA,NA,NO,NA,NO,WHITE,YES,YES,1,140,Primary,1,Female,NA,Matched,NA,NA,NA,NA,NA,NA,4V,0.1333333333,Thymus,TUMOR FREE,A,65
thym_tcga,TCGA-4V-A9QT,TCGA-4V-A9QT-01,NO,79,NA,NA,Thymic Tumor,Thymoma,NA,NA,NA,NA,435,0,NA,26.71,0:DiseaseFree,NA,NOT HISPANIC OR LATINO,NA,0,158,Thymoma; Type B1,No,No,C37,8583/3,C37.9,YES,2012,NO,NA,Median Sternectomy,NA,NA,1,NO,FALSE,THYM,26.71,0:LIVING,NA,3F691BF4-9558-4454-889E-CFA7D0DE96CC,EB074FF3-821F-49A6-83DE-934A85E74257,TCGA-4V-A9QT.6DE2C3B0-230E-45D5-B78B-9D3C50F17A0C.pdf,6DE2C3B0-230E-45D5-B78B-9D3C50F17A0C,NA,NA,NA,NO,NA,NO,WHITE,NO,YES,1,90,Primary,1,Female,NA,Matched,NA,NA,NA,NA,NA,NA,4V,0.03333333333,Thymus,TUMOR FREE,A,75
thym_tcga,TCGA-4V-A9QU,TCGA-4V-A9QU-01,NO,76,NA,NA,Thymic Tumor,Thymoma,NA,NA,NA,NA,291,0,NA,20.6,0:DiseaseFree,NA,NOT HISPANIC OR LATINO,NA,0,175,Thymoma; Type AB,No,No,C37,8582/3,C37.9,YES,2013,NO,NA,Median Sternectomy,NA,NA,3,NO,FALSE,THYM,20.6,0:LIVING,NA,ADD338C1-8B31-4378-9A44-19BF646C972B,FB0FD2C1-F0ED-4F52-994F-3F6651F82BEE,TCGA-4V-A9QU.7EB875EC-AD69-4332-9AB6-47F35F412F02.pdf,7EB875EC-AD69-4332-9AB6-47F35F412F02,NA,NA,NA,NO,NA,NO,WHITE,NO,YES,1,30,Primary,1,Female,NA,Matched,NA,NA,NA,NA,NA,NA,4V,0.1,Thymus,TUMOR FREE,A,82
thym_tcga,TCGA-4V-A9QW,TCGA-4V-A9QW-01,NO,62,NA,NA,Thymic Tumor,Thymoma,NA,NA,NA,NA,224,0,NA,20.7,0:DiseaseFree,NA,NOT HISPANIC OR LATINO,NA,0.0001,185,Thymoma; Type AB,No,No,C37,8582/3,C37.9,YES,2013,NO,NA,Median Sternectomy,NA,NA,4,NO,FALSE,THYM,20.7,0:LIVING,NA,D8E19E8A-7442-4B6B-8F4A-D02DCA5C9894,C77B2AE0-0054-4771-9F08-ED481A00EDC9,TCGA-4V-A9QW.9E96D6A7-3B00-4D13-BAD2-8A71F2866063.pdf,9E96D6A7-3B00-4D13-BAD2-8A71F2866063,NA,NA,NA,NO,NA,NO,WHITE,NO,YES,1,220,Primary,1,Male,NA,Matched,NA,NA,NA,NA,NA,NA,4V,0.1333333333,Thymus,TUMOR FREE,A,99
thym_tcga,TCGA-4V-A9QX,TCGA-4V-A9QX-01,NO,77,NA,NA,Thymic Tumor,Thymoma,NA,NA,NA,NA,118,0,NA,14.26,0:DiseaseFree,NA,NOT HISPANIC OR LATINO,NA,0.0001,156,Thymoma; Type AB,No,No,C37,8582/3,C37.9,YES,2013,NO,NA,Median Sternectomy,NA,NA,14,NO,FALSE,THYM,14.26,0:LIVING,NA,0050D8BE-1DB6-4C17-8BEF-3AE2EAAA63CE,CD99FB60-4427-4F45-8DEE-9A9F96CBDDE7,TCGA-4V-A9QX.57310D54-B73F-472F-90BC-D83DB3B7C210.pdf,57310D54-B73F-472F-90BC-D83DB3B7C210,NA,NA,NA,NO,NA,NO,WHITE,YES,YES,1,200,Primary,1,Female,NA,Matched,NA,NA,NA,NA,NA,NA,4V,0.4666666667,Thymus,TUMOR FREE,A,48
thym_tcga,TCGA-4X-A9F9,TCGA-4X-A9F9-01,NO,57,NA,NA,Thymic Tumor,Thymoma,NA,NA,NA,NA,206,0,NA,21.98,0:DiseaseFree,NA,NOT HISPANIC OR LATINO,NA,0,157,Thymoma; Type B1,No,No,C37,8583/1,C37.9,YES,2013,NO,NA,Median Sternectomy,NA,NA,2,NO,TRUE,THYM,21.98,0:LIVING,NA,D542AA45-86CF-462E-ABBE-76A3354E707E,332140FE-6F11-442D-88A7-E5D3F0D7647A,TCGA-4X-A9F9.F32A3080-CA80-496C-B137-41DC46FCE1E9.pdf,F32A3080-CA80-496C-B137-41DC46FCE1E9,NA,NA,NA,NO,NA,NO,WHITE,YES,YES,1,160,Primary,1,Female,NA,Matched,NA,NA,NA,NA,NA,NA,4X,0.06666666667,Thymus,TUMOR FREE,A,57
thym_tcga,TCGA-4X-A9FA,TCGA-4X-A9FA-01,NO,52,NA,NA,Thymic Tumor,Thymoma,NA,NA,NA,NA,128,0,NA,12.88,0:DiseaseFree,NA,NOT HISPANIC OR LATINO,NA,0.0002,172,Thymoma; Type A,No,No,C37,8581/3,C37.9,YES,2013,NO,NA,Median Sternectomy,NA,NA,14,NO,TRUE,THYM,12.88,0:LIVING,NA,96E5C81E-8EDB-4E6C-84FC-F127142F2835,A69EA0A6-3E14-456F-A1E3-2F2B066413EE,TCGA-4X-A9FA.DA4437FC-47C4-48B4-A39E-A1BC76B0D9D0.pdf,DA4437FC-47C4-48B4-A39E-A1BC76B0D9D0,NA,NA,NA,YES,NA,NO,WHITE,NO,YES,1,50,Primary,1,Male,NA,Matched,NA,NA,NA,NA,NA,NA,4X,0.4666666667,Thymus,TUMOR FREE,A,87
thym_tcga,TCGA-4X-A9FB,TCGA-4X-A9FB-01,NO,44,NA,NA,Thymic Tumor,Thymoma,NA,NA,NA,NA,541,0,NA,23.55,0:DiseaseFree,NA,NOT HISPANIC OR LATINO,NA,0,167,Thymoma; Type B2,No,Yes,C37,8584/3,C37.9,YES,2012,NO,NA,"Other method, specify:","Clinical judgment, imaging",NA,2,NO,TRUE,THYM,23.55,0:LIVING,NA,2C2E169E-9F93-41A7-BFC4-ADE18BB5D7AE,248D01FD-9262-4ACF-A5F9-ECFC82C7D46F,TCGA-4X-A9FB.C2D0B379-A081-4E48-AD0F-86C6B7412E29.pdf,C2D0B379-A081-4E48-AD0F-86C6B7412E29,NA,NA,NA,NO,NA,NO,WHITE,NO,YES,1,250,Primary,1,Male,NA,Matched,NA,NA,NA,NA,NA,NA,4X,0.06666666667,Thymus,TUMOR FREE,A,62
thym_tcga,TCGA-4X-A9FC,TCGA-4X-A9FC-01,NO,50,NA,NA,Thymic Tumor,Thymoma,NA,NA,NA,NA,1704,0,NA,68.07,0:DiseaseFree,NA,NOT HISPANIC OR LATINO,NA,0,161,Thymoma; Type AB,No,No,C37,8582/3,C37.9,YES,2009,NO,NA,Median Sternectomy,NA,NA,3,NO,TRUE,THYM,68.07,0:LIVING,NA,E687F26D-F092-4116-9F9F-A2A2B9FC9B0D,2EA76E12-286C-4D73-A6F2-3B3C2F5210E9,TCGA-4X-A9FC.31BA5AEF-EE4D-4BBE-8B5D-32FB28F4AE3A.pdf,31BA5AEF-EE4D-4BBE-8B5D-32FB28F4AE3A,NA,NA,NA,NO,NA,NO,WHITE,NO,YES,1,440,Primary,1,Female,NA,Matched,NA,NA,NA,NA,NA,NA,4X,0.1,Thymus,TUMOR FREE,A,57
thym_tcga,TCGA-4X-A9FD,TCGA-4X-A9FD-01,NO,43,NA,NA,Thymic Tumor,Thymoma,NA,NA,NA,NA,1122,0,NA,49.38,0:DiseaseFree,NA,NOT HISPANIC OR LATINO,NA,0.1355,163,Thymoma; Type B2,No,No,C37,8584/3,C37.9,YES,2010,NO,NA,Median Sternectomy,NA,NA,19,NO,TRUE,THYM,49.38,0:LIVING,NA,0A312064-878F-4B69-8BB7-E7F14E6CD7FE,020DDFC9-9A5C-4B27-9F06-63607BF86D0B,TCGA-4X-A9FD.E701DA21-9B43-49C9-8B9A-5B2DC2803C14.pdf,E701DA21-9B43-49C9-8B9A-5B2DC2803C14,NA,NA,NA,NO,NA,NO,WHITE,NO,YES,1,80,Primary,1,Female,NA,Matched,NA,NA,NA,NA,NA,NA,4X,0.6,Thymus,TUMOR FREE,A,65
thym_tcga,TCGA-5G-A9ZZ,TCGA-5G-A9ZZ-01,NO,52,NA,NA,Thymic Tumor,Thymoma,NA,NA,NA,NA,535,0,NA,27.43,0:DiseaseFree,NA,NOT HISPANIC OR LATINO,NA,0.1356,148,Thymoma; Type C,No,No,C37,8586/3,C37.9,YES,2012,NO,NA,Fine needle aspiration biopsy,NA,NA,10,NO,TRUE,THYM,27.43,0:LIVING,NA,5F539AC1-C4C8-46CC-98D7-8951A6ED680A,19443ADD-DA5E-4C84-B28E-E9C56A4EFF92,TCGA-5G-A9ZZ.C98B0A4E-E03E-428B-A2C1-CFDFB0D70F56.pdf,C98B0A4E-E03E-428B-A2C1-CFDFB0D70F56,NA,NA,NA,NO,NA,YES,WHITE,NO,NO,1,250,Primary,1,Female,NA,Matched,NA,NA,NA,NA,NA,NA,5G,0.3333333333,Thymus,TUMOR FREE,A,55
thym_tcga,TCGA-5K-AAAP,TCGA-5K-AAAP-01,NO,54,NA,NA,Thymic Tumor,Thymoma,NA,NA,NA,NA,1155,0,NA,34.63,0:DiseaseFree,NA,HISPANIC OR LATINO,NA,0.0121,188,Thymoma; Type A,No,No,C37,8581/3,C37.9,YES,2010,NO,NA,Median Sternectomy,NA,NA,13,NO,FALSE,THYM,34.63,0:LIVING,NA,ABDBDBA3-807E-4192-88A6-41DD6D9309AB,AC8B5B70-F45C-47D6-8688-1A199917DF58,TCGA-5K-AAAP.73A5B98F-EF2E-436C-ACEF-05622F89C73A.pdf,73A5B98F-EF2E-436C-ACEF-05622F89C73A,NA,NA,NA,NO,NA,NO,WHITE,NO,YES,1,280,Primary,1,Male,NA,Matched,NA,NA,NA,NA,NA,NA,5K,0.4333333333,Thymus,TUMOR FREE,A,86
thym_tcga,TCGA-5U-AB0D,TCGA-5U-AB0D-01,NO,71,NA,NA,Thymic Tumor,Thymoma,NA,NA,NA,NA,187,0,NA,23.46,0:DiseaseFree,NA,HISPANIC OR LATINO,NA,0.2959,NA,Thymoma; Type C,No,No,C38.1,8586/3,C38.1,YES,2013,NO,NA,"Other method, specify:",surgical biopsy,NA,59,NO,FALSE,THYM,23.46,0:LIVING,NA,F6051AC0-3D70-4CBB-8C1C-99C9EFEACB0F,D7CFF14F-BC4A-48CF-980D-9AEABEF8BCDF,TCGA-5U-AB0D.D102571C-8F6B-428D-BF82-AE75DB12A16C.pdf,D102571C-8F6B-428D-BF82-AE75DB12A16C,NA,NA,NA,YES,NA,YES,WHITE,NO,NO,1,90,Primary,1,Female,NA,Matched,NA,NA,NA,NA,NA,NA,5U,1.966666667,Anterior Mediastinum,WITH TUMOR,A,NA
thym_tcga,TCGA-5U-AB0E,TCGA-5U-AB0E-01,NO,62,NA,NA,Thymic Tumor,Thymoma,NA,NA,NA,NA,166,0,NA,22.57,0:DiseaseFree,NA,HISPANIC OR LATINO,NA,0.0813,NA,Thymoma; Type B3,No,No,C38.1,8585/3,C38.1,YES,2013,NO,NA,Surgical Resection,NA,NA,19,NO,FALSE,THYM,22.57,0:LIVING,NA,056386DB-D338-4FC8-8BB1-249BE72FD6CB,497618CE-BFC7-4828-9E11-ED3560132FA7,TCGA-5U-AB0E.FB1E07B4-3B1C-447C-BEBE-72225EB792DA.pdf,FB1E07B4-3B1C-447C-BEBE-72225EB792DA,NA,NA,NA,NO,NA,YES,WHITE,YES,NO,1,240,Primary,1,Male,NA,Matched,NA,NA,NA,NA,NA,NA,5U,0.6333333333,Anterior Mediastinum,TUMOR FREE,A,NA
thym_tcga,TCGA-5U-AB0F,TCGA-5U-AB0F-01,NO,58,NA,NA,Thymic Tumor,Thymoma,NA,NA,NA,NA,52,0,NA,15.08,0:DiseaseFree,NA,HISPANIC OR LATINO,NA,0.0002,NA,Thymoma; Type AB,No,Yes,C38.1,8582/3,C38.1,YES,2013,NO,NA,Surgical Resection,NA,NA,9,NO,FALSE,THYM,15.08,0:LIVING,NA,BB9BB553-F304-4D14-A655-5C3BF4720A9B,FDCC8130-D177-4430-9A8D-175B91486A68,TCGA-5U-AB0F.FA2A1A2E-8B57-4676-B1B2-814CC89B0A77.pdf,FA2A1A2E-8B57-4676-B1B2-814CC89B0A77,NA,NA,NA,NO,NA,YES,WHITE,NO,NO,1,290,Primary,1,Female,NA,Matched,NA,NA,NA,NA,NA,NA,5U,0.3,Anterior Mediastinum,TUMOR FREE,A,NA
thym_tcga,TCGA-5V-A9RR,TCGA-5V-A9RR-01,NO,67,NA,NA,Thymic Tumor,Thymoma,NA,NA,NA,NA,603,0,NA,27.17,0:DiseaseFree,NA,NOT HISPANIC OR LATINO,NA,0.0075,176,Thymoma; Type AB,No,No,C37,8582/1,C37.9,YES,2012,NO,NA,Median Sternectomy,NA,NA,8,NO,TRUE,THYM,27.17,0:LIVING,NA,BFE41BA3-2BCF-4760-AE65-CD417E22393F,52148A0E-A674-4E87-AB6B-83177B75CB2F,TCGA-5V-A9RR.4D439581-C988-4DA5-A4B2-AAA04BE72975.pdf,4D439581-C988-4DA5-A4B2-AAA04BE72975,NA,NA,NA,NO,NA,NO,WHITE,NO,YES,1,210,Primary,1,Male,NA,Matched,NA,NA,NA,NA,NA,NA,5V,0.2666666667,Thymus,TUMOR FREE,A,93
thym_tcga,TCGA-X7-A8D6,TCGA-X7-A8D6-01,NO,48,NA,NA,Thymic Tumor,Thymoma,NA,NA,NA,NA,4090,0,NA,115.05,1:Recurred/Progressed,NA,NOT HISPANIC OR LATINO,NA,0.0002,NA,Thymoma; Type B2,No,No,C37,8584/3,C37.9,YES,2002,NO,NA,Median Sternectomy,NA,NA,5,NO,FALSE,THYM,138.8,0:LIVING,NA,66C564BA-B42D-4BE9-9E5F-BF93984569EB,EE8D237A-7AFA-454D-A759-6E92DD9D859B,TCGA-X7-A8D6.8162F9FE-3DEB-456D-8F53-3896972E60EE.pdf,8162F9FE-3DEB-456D-8F53-3896972E60EE,NA,NA,NA,NO,NA,NO,WHITE,NO,YES,1,110,Primary,1,Female,NA,Matched,NA,NA,NA,NA,NA,NA,X7,0.1333333333,Thymus,TUMOR FREE,A,NA
thym_tcga,TCGA-X7-A8D7,TCGA-X7-A8D7-01,NO,46,NA,NA,Thymic Tumor,Thymoma,NA,NA,NA,NA,3800,0,NA,8.71,1:Recurred/Progressed,NA,NOT HISPANIC OR LATINO,NA,0.0001,NA,Thymoma; Type B1,No,No,C37,8583/3,C37.9,YES,2003,NO,NA,Core needle biopsy,NA,NA,1,NO,FALSE,THYM,10.68,0:LIVING,NA,8CC1E08D-75B6-48DA-90DF-E6AF23CB4C35,0E9CB3BD-4221-4134-A7B1-1AFB8DDFF0A8,TCGA-X7-A8D7.5B872E6E-87FA-4BB7-8D8A-9E39FC8994B9.pdf,5B872E6E-87FA-4BB7-8D8A-9E39FC8994B9,NA,NA,NA,NO,NA,NO,BLACK OR AFRICAN AMERICAN,YES,YES,1,150,Primary,1,Female,NA,Matched,NA,NA,NA,NA,NA,NA,X7,0.03333333333,Thymus,TUMOR FREE,A,NA
thym_tcga,TCGA-X7-A8D8,TCGA-X7-A8D8-01,NO,53,NA,NA,Thymic Tumor,Thymoma,NA,NA,NA,NA,3076,0,NA,1.91,0:DiseaseFree,NA,NOT HISPANIC OR LATINO,NA,0,NA,Thymoma; Type AB,No,No,C37,8582/3,C37.9,YES,2005,NO,NA,Fine needle aspiration biopsy,NA,NA,15,NO,FALSE,THYM,1.91,0:LIVING,NA,9291A2CB-98E6-43B9-8CBF-889E6DA9BFFA,F88E6B7D-C6F7-4268-9817-CA2B96934CF8,TCGA-X7-A8D8.AE76AB23-4099-4A78-AF35-5FCBA9535D7F.pdf,AE76AB23-4099-4A78-AF35-5FCBA9535D7F,NA,NA,NA,NO,NA,NO,WHITE,NO,YES,1,80,Primary,1,Male,NA,Matched,NA,NA,NA,NA,NA,NA,X7,0.5,Thymus,TUMOR FREE,A,NA
thym_tcga,TCGA-X7-A8D9,TCGA-X7-A8D9-01,NO,NA,NA,NA,Thymic Tumor,Thymoma,NA,NA,NA,NA,NA,NA,NA,NA,0:DiseaseFree,NA,NOT HISPANIC OR LATINO,NA,0.0368,NA,Thymoma; Type AB,No,No,C37,8582/3,C37.9,YES,2006,NO,NA,Core needle biopsy,NA,NA,8,NO,FALSE,THYM,NA,0:LIVING,NA,82505B35-D771-4FB4-8EC4-54A2E5A8AD79,A324305F-49DD-416C-AC14-0BB3E4EB14A3,TCGA-X7-A8D9.F9230935-DFDB-4827-B360-D2D14A9C0C94.pdf,F9230935-DFDB-4827-B360-D2D14A9C0C94,NA,NA,NA,NO,NA,NO,WHITE,NO,YES,1,140,Primary,1,Female,NA,Matched,NA,NA,NA,NA,NA,NA,X7,0.2666666667,Thymus,TUMOR FREE,A,NA
thym_tcga,TCGA-X7-A8DB,TCGA-X7-A8DB-01,NO,71,NA,NA,Thymic Tumor,Thymoma,NA,NA,NA,NA,1694,0,NA,65.44,0:DiseaseFree,NA,NOT HISPANIC OR LATINO,NA,0,NA,Thymoma; Type B2,No,No,C38.1,8584/1,C38.1,YES,2009,NO,NA,Core needle biopsy,NA,NA,2,NO,FALSE,THYM,65.44,0:LIVING,NA,4165391B-6122-4E87-BA91-CE935E0B3CF4,7573310C-5602-4421-8B21-7B71ACA3ED17,TCGA-X7-A8DB.DF17D3F8-3E25-4528-A988-C2E2C0771AA3.pdf,DF17D3F8-3E25-4528-A988-C2E2C0771AA3,NA,NA,NA,NO,NA,NO,WHITE,NO,YES,1,150,Primary,1,Female,NA,Matched,NA,NA,NA,NA,NA,NA,X7,0.1,Thymus,TUMOR FREE,A,62
thym_tcga,TCGA-X7-A8DC,TCGA-X7-A8DC-01,NO,68,NA,NA,Thymic Tumor,Thymoma,NA,NA,NA,NA,1329,0,NA,59.07,0:DiseaseFree,NA,NOT HISPANIC OR LATINO,NA,0,167,Thymoma; Type AB,No,No,C37,8582/3,C37.9,YES,2010,NO,NA,Video-assisted Thorascopic Surgery (VATS),NA,NA,7,NO,FALSE,THYM,59.07,0:LIVING,NA,81186204-5CC8-48E3-994B-4D3CB1F59C65,09446568-9552-4125-AA9C-562F9A4E0F87,TCGA-X7-A8DC.6661D3B5-BD94-4286-BF54-17FA019F8E10.pdf,6661D3B5-BD94-4286-BF54-17FA019F8E10,NA,NA,NA,NO,NA,NO,WHITE,NO,YES,1,130,Primary,1,Male,NA,Matched,NA,NA,NA,NA,NA,NA,X7,0.2333333333,Thymus,TUMOR FREE,A,64
thym_tcga,TCGA-X7-A8DD,TCGA-X7-A8DD-01,NO,54,NA,NA,Thymic Tumor,Thymoma,NA,NA,NA,NA,772,0,NA,36.6,0:DiseaseFree,NA,NOT HISPANIC OR LATINO,NA,0,NA,Thymoma; Type B1,No,No,C37,8583/3,C37.9,YES,2011,NO,NA,Median Sternectomy,NA,NA,5,NO,FALSE,THYM,36.6,0:LIVING,NA,B9D753E0-6CAF-4569-88D1-AF4B76B255A9,C0C34FBB-76D1-46BA-9BA5-35551DFDE81F,TCGA-X7-A8DD.C4324862-7C03-45FC-81EC-8FC9B357D43E.pdf,C4324862-7C03-45FC-81EC-8FC9B357D43E,NA,NA,NA,NO,NA,NO,WHITE,NO,YES,1,120,Primary,1,Female,NA,Matched,NA,NA,NA,NA,NA,NA,X7,0.1666666667,Thymus,TUMOR FREE,A,NA
thym_tcga,TCGA-X7-A8DE,TCGA-X7-A8DE-01,NO,35,NA,NA,Thymic Tumor,Thymoma,NA,NA,NA,NA,756,0,NA,32.23,0:DiseaseFree,NA,NOT HISPANIC OR LATINO,NA,0,NA,Thymoma; Type B2,No,No,C38.1,8584/3,C38.1,YES,2011,NO,NA,Median Sternectomy,NA,NA,4,NO,FALSE,THYM,32.23,0:LIVING,NA,15A2BAAE-D15E-4349-9358-74356A2D2AD0,F846B8A4-9242-4C8D-AD6E-44959EAF9F8D,TCGA-X7-A8DE.71A610B1-DA62-4B47-80DD-E32644D10D9E.pdf,71A610B1-DA62-4B47-80DD-E32644D10D9E,NA,NA,NA,NO,NA,NO,WHITE,NO,YES,1,100,Primary,1,Female,NA,Matched,NA,NA,NA,NA,NA,NA,X7,0.1333333333,Thymus,TUMOR FREE,A,NA
thym_tcga,TCGA-X7-A8DF,TCGA-X7-A8DF-01,NO,40,NA,NA,Thymic Tumor,Thymoma,NA,NA,NA,NA,433,0,NA,29.6,0:DiseaseFree,NA,NOT HISPANIC OR LATINO,NA,0.0003,NA,Thymoma; Type AB,No,No,C37,8582/3,C37.9,YES,2012,NO,NA,Median Sternectomy,NA,NA,6,NO,FALSE,THYM,29.6,0:LIVING,NA,71020EE6-3B76-4E31-B3CE-7E54CE706134,BAA4977B-1D56-4DD8-BDFC-5E45F2B0AC38,TCGA-X7-A8DF.8DDC446F-FBC4-4394-AD6C-2E60D9AA3240.pdf,8DDC446F-FBC4-4394-AD6C-2E60D9AA3240,NA,NA,NA,NO,NA,NO,WHITE,NO,YES,1,110,Primary,1,Male,NA,Matched,NA,NA,NA,NA,NA,NA,X7,0.2,Thymus,TUMOR FREE,A,NA
thym_tcga,TCGA-X7-A8DG,TCGA-X7-A8DG-01,NO,47,NA,NA,Thymic Tumor,Thymoma,NA,NA,NA,NA,349,0,NA,22.83,0:DiseaseFree,NA,NOT HISPANIC OR LATINO,NA,0,182,Thymoma; Type B2,No,No,C37,8584/1,C37.9,YES,2012,NO,NA,Video-assisted Thorascopic Surgery (VATS),NA,NA,1,NO,FALSE,THYM,22.83,0:LIVING,NA,A653B0BB-AACF-4B11-BB11-42E043E49BF6,88502E5A-0981-477F-9FCF-08EDDFD4F205,TCGA-X7-A8DG.2519AB6C-93B4-4258-8201-FF815888015D.pdf,2519AB6C-93B4-4258-8201-FF815888015D,NA,NA,NA,NO,NA,YES,WHITE,NO,NO,1,180,Primary,1,Male,NA,Matched,NA,NA,NA,NA,NA,NA,X7,0.03333333333,Thymus,TUMOR FREE,A,80
thym_tcga,TCGA-X7-A8DI,TCGA-X7-A8DI-01,NO,57,NA,NA,Thymic Tumor,Thymoma,NA,NA,NA,NA,265,0,NA,23.16,0:DiseaseFree,NA,NOT HISPANIC OR LATINO,NA,0,NA,Thymoma; Type AB,No,No,C37,8582/3,C37.9,YES,2013,NO,NA,Core needle biopsy,NA,NA,4,NO,FALSE,THYM,23.16,0:LIVING,NA,A8117654-B223-4301-9C4D-530FBC55EA72,DC023564-7CD6-4EB0-9423-36BDCA8A7367,TCGA-X7-A8DI.F54717FD-81E8-4AFE-8D51-D4B82D5F3060.pdf,F54717FD-81E8-4AFE-8D51-D4B82D5F3060,NA,NA,NA,NO,NA,NO,WHITE,NO,YES,1,160,Primary,1,Female,NA,Matched,NA,NA,NA,NA,NA,NA,X7,0.1333333333,Thymus,TUMOR FREE,A,NA
thym_tcga,TCGA-X7-A8DJ,TCGA-X7-A8DJ-01,NO,68,NA,NA,Thymic Tumor,Thymoma,NA,NA,NA,NA,59,0,NA,9.49,0:DiseaseFree,NA,HISPANIC OR LATINO,NA,0.0003,139,Thymoma; Type AB,No,No,C38.1,8582/1,C38.1,YES,2013,NO,NA,Core needle biopsy,NA,NA,11,NO,FALSE,THYM,9.49,0:LIVING,NA,D2385E2F-82E3-4AC3-BDE2-0BF2DAA46860,C84C6096-8D89-4232-97D1-3C3C233E1873,TCGA-X7-A8DJ.757DF97F-DA22-4F8F-AD0F-C93BC329150B.pdf,757DF97F-DA22-4F8F-AD0F-C93BC329150B,NA,NA,NA,NO,NA,YES,NA,NO,NO,1,100,Primary,1,Male,NA,Matched,NA,NA,NA,NA,NA,NA,X7,0.3666666667,Thymus,TUMOR FREE,A,78
thym_tcga,TCGA-X7-A8M0,TCGA-X7-A8M0-01,NO,61,NA,NA,Thymic Tumor,Thymoma,NA,NA,NA,NA,2270,0,NA,14.49,0:DiseaseFree,NA,NOT HISPANIC OR LATINO,NA,0.078,NA,Thymoma; Type B2|Thymoma; Type B3,No,No,C37,8585/3,C37.9,YES,2007,NO,NA,Core needle biopsy,NA,NA,10,NO,FALSE,THYM,14.49,0:LIVING,NA,262B4693-961B-4006-BE4E-E6F38A1CCE4A,9F19C8CB-67BF-4831-8B78-FF0402C22DDC,TCGA-X7-A8M0.DC4064BE-1218-402A-809C-92D77B1D5200.pdf,DC4064BE-1218-402A-809C-92D77B1D5200,NA,NA,NA,NO,NA,NO,WHITE,NO,YES,1,120,Primary,1,Female,NA,Matched,NA,NA,NA,NA,NA,NA,X7,0.3333333333,Thymus,TUMOR FREE,A,NA
thym_tcga,TCGA-X7-A8M1,TCGA-X7-A8M1-01,NO,51,NA,NA,Thymic Tumor,Thymoma,NA,NA,NA,NA,1763,0,NA,42.12,0:DiseaseFree,NA,NOT HISPANIC OR LATINO,NA,0,NA,Thymoma; Type AB,No,No,C38.1,8582/1,C38.1,YES,2009,NO,NA,Fine needle aspiration biopsy,NA,NA,8,NO,FALSE,THYM,42.12,0:LIVING,NA,18C3DEBB-08EA-4CA1-ADE4-D577BCEE4FA2,512AF8AC-9CAE-4D7D-9404-5C81E833BCCD,TCGA-X7-A8M1.DCFFD40F-3E87-4576-9B6D-108704059271.pdf,DCFFD40F-3E87-4576-9B6D-108704059271,NA,NA,NA,NO,NA,NO,ASIAN,NO,YES,1,110,Primary,1,Male,NA,Matched,NA,NA,NA,NA,NA,NA,X7,0.2666666667,Thymus,TUMOR FREE,A,101
thym_tcga,TCGA-X7-A8M3,TCGA-X7-A8M3-01,NO,64,NA,NA,Thymic Tumor,Thymoma,NA,NA,NA,NA,4593,0,NA,1.64,0:DiseaseFree,NA,NOT HISPANIC OR LATINO,NA,0.9635,NA,Thymoma; Type B3,No,No,C37,8585/3,C37.9,YES,2001,NO,NA,Median Sternectomy,NA,NA,28,NO,FALSE,THYM,1.64,0:LIVING,NA,1248516E-7552-4A33-A1AB-2884D551EF32,C2719E3A-7D61-41BD-BCCB-4746CC517470,TCGA-X7-A8M3.B65881FB-2D0D-4633-AFA5-54DA370150CA.pdf,B65881FB-2D0D-4633-AFA5-54DA370150CA,NA,NA,NA,NO,NA,NO,WHITE,NO,YES,1,120,Primary,1,Female,NA,Matched,NA,NA,NA,NA,NA,NA,X7,0.9333333333,Thymus,TUMOR FREE,A,93
thym_tcga,TCGA-X7-A8M4,TCGA-X7-A8M4-01,NO,41,NA,NA,Thymic Tumor,Thymoma,NA,NA,NA,NA,4243,0,NA,125.1,0:DiseaseFree,NA,NOT HISPANIC OR LATINO,NA,0.0001,192,Thymoma; Type B2,No,No,C38.3,8584/3,C38.3,YES,2002,NO,NA,Median Sternectomy,NA,NA,1,NO,TRUE,THYM,125.1,0:LIVING,NA,23CC4CD3-87DC-4342-9072-BE3695E393FA,4B2B167C-1F09-4AFA-8D63-573AE38D1D45,TCGA-X7-A8M4.0BD281B7-6AF5-4036-BC76-783933BE25D0.pdf,0BD281B7-6AF5-4036-BC76-783933BE25D0,NA,NA,NA,NO,NA,NO,WHITE,YES,YES,1,260,Primary,1,Male,NA,Matched,NA,NA,NA,NA,NA,NA,X7,0.03333333333,Anterior Mediastinum,TUMOR FREE,A,NA
thym_tcga,TCGA-X7-A8M5,TCGA-X7-A8M5-01,NO,65,NA,NA,Thymic Tumor,Thymoma,NA,NA,NA,NA,4642,0,NA,54.04,0:DiseaseFree,NA,NOT HISPANIC OR LATINO,NA,0.0001,NA,Thymoma; Type B3,No,No,C37,8585/3,C37.9,YES,2001,NO,NA,Core needle biopsy,NA,NA,26,YES,TRUE,THYM,54.04,0:LIVING,NA,0477055E-A57E-4BDB-89AB-2999881BDD6C,B31E5BBE-9A6C-4359-9D79-FA481653AF04,TCGA-X7-A8M5.735FDAB4-E2DE-4CFF-83DC-42C132B715CA.pdf,735FDAB4-E2DE-4CFF-83DC-42C132B715CA,NA,NA,NA,NO,NA,NO,WHITE,NO,YES,1,440,Primary,1,Female,NA,Matched,NA,NA,NA,NA,NA,NA,X7,0.9333333333,Thymus,TUMOR FREE,A,NA
thym_tcga,TCGA-X7-A8M6,TCGA-X7-A8M6-01,NO,43,NA,NA,Thymic Tumor,Thymoma,NA,NA,NA,NA,4129,0,NA,116.23,1:Recurred/Progressed,NA,NOT HISPANIC OR LATINO,NA,0,NA,Thymoma; Type B2,No,No,C37,8584/3,C37.9,YES,2002,NO,NA,Core needle biopsy,NA,NA,2,YES,TRUE,THYM,150.3,0:LIVING,NA,A6885883-F1A2-48DD-8D72-0038319069A1,9218CCA9-A7AF-4B73-A00F-8655EC60307E,TCGA-X7-A8M6.C928D7B7-5B8C-4171-B02F-2DE8C7B9175B.pdf,C928D7B7-5B8C-4171-B02F-2DE8C7B9175B,NA,NA,NA,NO,NA,NO,WHITE,NO,YES,1,310,Primary,1,Male,NA,Matched,NA,NA,NA,NA,NA,NA,X7,0.06666666667,Thymus,WITH TUMOR,A,NA
thym_tcga,TCGA-X7-A8M7,TCGA-X7-A8M7-01,NO,26,NA,NA,Thymic Tumor,Thymoma,NA,NA,NA,NA,2064,0,NA,64.78,0:DiseaseFree,NA,NOT HISPANIC OR LATINO,NA,0.0001,NA,Thymoma; Type B2,No,No,C38.1,8584/3,C38.1,YES,2008,NO,NA,Median Sternectomy,NA,NA,1,NO,TRUE,THYM,64.78,0:LIVING,NA,56C4F5E8-4E89-4BA0-984D-E17F11A401F5,AF4A0A4C-35ED-4B1D-BE42-6DDADFB28803,TCGA-X7-A8M7.5AA91893-D6C3-4FC6-8F4B-6D01F8FAEF14.pdf,5AA91893-D6C3-4FC6-8F4B-6D01F8FAEF14,NA,NA,NA,NO,NA,NO,WHITE,NO,YES,1,140,Primary,1,Male,NA,Matched,NA,NA,NA,NA,NA,NA,X7,0.03333333333,Anterior Mediastinum,TUMOR FREE,A,NA
thym_tcga,TCGA-X7-A8M8,TCGA-X7-A8M8-01,NO,45,NA,NA,Thymic Tumor,Thymoma,NA,NA,NA,NA,2393,0,NA,83.21,0:DiseaseFree,NA,NOT HISPANIC OR LATINO,NA,0,NA,Thymoma; Type B2,No,No,C37,8584/1,C37.9,YES,2007,NO,NA,Median Sternectomy,NA,NA,1,NO,TRUE,THYM,83.21,0:LIVING,NA,B1FA64A6-F86B-43B6-A488-54FE6FE85E9C,8998E0C2-9F1C-4CA0-BC1E-753CB75F71A4,TCGA-X7-A8M8.306EDAE4-F4E8-4705-8EDE-EF029EAA2F98.pdf,306EDAE4-F4E8-4705-8EDE-EF029EAA2F98,NA,NA,NA,NO,NA,NO,BLACK OR AFRICAN AMERICAN,NO,YES,1,80,Primary,1,Male,NA,Matched,NA,NA,NA,NA,NA,NA,X7,0.03333333333,Thymus,TUMOR FREE,A,NA
thym_tcga,TCGA-XH-A853,TCGA-XH-A853-01,NO,67,NA,NA,Thymic Tumor,Thymoma,NA,NA,NA,NA,787,0,NA,6.44,1:Recurred/Progressed,NA,NOT HISPANIC OR LATINO,NA,0,165,Thymoma; Type AB,No,No,C37,8582/1,C37.9,YES,2011,NO,NA,Fine needle aspiration biopsy,NA,NA,6,NA,TRUE,THYM,40.08,0:LIVING,NA,9BBD057C-5A3B-4E04-8DF7-C2F0C1823084,E76C73D0-1213-4E9C-B506-BFF1A6B0293A,TCGA-XH-A853.A875F8DA-C1BE-47CA-8DC4-6105D72EF35B.pdf,A875F8DA-C1BE-47CA-8DC4-6105D72EF35B,NA,NA,NA,NO,NA,NO,BLACK OR AFRICAN AMERICAN,NO,YES,1,60,Primary,1,Male,NA,Matched,NA,NA,NA,NA,NA,NA,XH,0.2,Thymus,NA,A,88
thym_tcga,TCGA-XM-A8R8,TCGA-XM-A8R8-01,NO,67,NA,NA,Thymic Tumor,Thymoma,NA,NA,NA,NA,1317,0,NA,8.02,1:Recurred/Progressed,NA,NOT HISPANIC OR LATINO,NA,0,156,Thymoma; Type C,No,No,C37,8586/3,C37.9,YES,2010,NO,NA,Video-assisted Thorascopic Surgery (VATS),NA,NA,2,YES,TRUE,THYM,52.5,0:LIVING,NA,3AFA9201-61AD-4958-925F-B93912D2841A,662D84A7-A2F9-4DDC-8E93-543AFC2BDE50,TCGA-XM-A8R8.D9D0551E-1060-4D3E-ADBB-FA0040315595.pdf,D9D0551E-1060-4D3E-ADBB-FA0040315595,NA,NA,NA,NO,NA,NO,ASIAN,NO,YES,1,660,Primary,1,Female,NA,Matched,NA,NA,NA,NA,NA,NA,XM,0.06666666667,Thymus,TUMOR FREE,A,61
thym_tcga,TCGA-XM-A8R9,TCGA-XM-A8R9-01,NO,71,NA,NA,Thymic Tumor,Thymoma,NA,NA,NA,NA,1322,0,NA,48.88,0:DiseaseFree,NA,NOT HISPANIC OR LATINO,NA,0,166,Thymoma; Type A,No,No,C38.1,8581/3,C38.1,YES,2010,NO,NA,Median Sternectomy,NA,NA,7,NO,TRUE,THYM,48.88,0:LIVING,NA,49D8939C-7C23-4A6C-B71A-0C39C262C346,EA374AEE-6A13-48F1-BBE3-736B2913C058,TCGA-XM-A8R9.5A4ADD81-4577-45D7-81CA-174BC503A870.pdf,5A4ADD81-4577-45D7-81CA-174BC503A870,NA,NA,NA,NO,NA,NO,WHITE,NO,YES,1,380,Primary,1,Female,NA,Matched,NA,NA,NA,NA,NA,NA,XM,0.2,Anterior Mediastinum,TUMOR FREE,A,96
thym_tcga,TCGA-XM-A8RB,TCGA-XM-A8RB-01,NO,68,NA,NA,Thymic Tumor,Thymoma,NA,NA,NA,NA,957,0,NA,37.58,0:DiseaseFree,NA,NOT HISPANIC OR LATINO,NA,0.0001,170,Thymoma; Type B1,No,No,C37,8583/1,C37.9,YES,2011,NO,NA,Median Sternectomy,NA,NA,6,NO,TRUE,THYM,37.58,0:LIVING,NA,335535A1-E3D4-41A1-BBDB-1D5AFD5ACFD3,9EEC420C-1AE5-4452-A6CA-22EF004A0FCC,TCGA-XM-A8RB.26C01AA5-473F-4ADB-9A15-8CCB1A7374D3.pdf,26C01AA5-473F-4ADB-9A15-8CCB1A7374D3,NA,NA,NA,NO,NA,NO,BLACK OR AFRICAN AMERICAN,NO,YES,1,660,Primary,1,Female,NA,Matched,NA,NA,NA,NA,NA,NA,XM,0.2,Thymus,TUMOR FREE,A,128
thym_tcga,TCGA-XM-A8RC,TCGA-XM-A8RC-01,NO,67,NA,NA,Thymic Tumor,Thymoma,NA,NA,NA,NA,2626,0,NA,97.34,0:DiseaseFree,NA,NOT HISPANIC OR LATINO,NA,0.0174,182,Thymoma; Type B2,No,No,C38.1,8584/3,C38.1,YES,2006,NO,NA,Median Sternectomy,NA,NA,17,NO,TRUE,THYM,97.34,0:LIVING,NA,B8348ADB-17DD-4849-BD4F-C2E7E15DB1F4,65E4C4AB-8921-4602-8145-2003BA08E82B,TCGA-XM-A8RC.271D218B-92D0-465C-B3A2-0FF61997D235.pdf,271D218B-92D0-465C-B3A2-0FF61997D235,NA,NA,NA,NO,NA,NO,WHITE,NO,YES,1,460,Primary,1,Male,NA,Matched,NA,NA,NA,NA,NA,NA,XM,0.6,Anterior Mediastinum,TUMOR FREE,A,102
thym_tcga,TCGA-XM-A8RD,TCGA-XM-A8RD-01,NO,69,NA,NA,Thymic Tumor,Thymoma,NA,NA,NA,NA,1212,0,NA,50.79,0:DiseaseFree,NA,NOT HISPANIC OR LATINO,NA,0,163,Thymoma; Type B2,No,Yes,C37,8584/3,C37.9,YES,2010,NO,NA,Video-assisted Thorascopic Surgery (VATS),NA,NA,4,NO,TRUE,THYM,50.79,0:LIVING,NA,68D2AB61-50FC-41E8-B3EE-75C70F0F4369,53F30D55-ADC3-4A10-830D-84D7D6FD2FE8,TCGA-XM-A8RD.430654EC-8A02-42A7-BD0F-538ED79A813C.pdf,430654EC-8A02-42A7-BD0F-538ED79A813C,NA,NA,NA,NO,NA,NO,WHITE,NO,YES,1,350,Primary,1,Female,NA,Matched,NA,NA,NA,NA,NA,NA,XM,0.1333333333,Thymus,TUMOR FREE,A,58
thym_tcga,TCGA-XM-A8RE,TCGA-XM-A8RE-01,NO,54,NA,NA,Thymic Tumor,Thymoma,NA,NA,NA,NA,78,0,NA,13.86,0:DiseaseFree,NA,NOT HISPANIC OR LATINO,NA,0.0001,158,Thymoma; Type AB,No,No,C37,8582/1,C37.9,YES,2013,NO,NA,Video-assisted Thorascopic Surgery (VATS),NA,NA,3,NO,TRUE,THYM,13.86,0:LIVING,NA,A4F4C331-97A3-48C4-AA3E-27304C1EB611,CCEDFE8A-EE3B-46CC-A25A-0AB0AF6CF3A8,TCGA-XM-A8RE.F1E84952-20E9-4DAA-94F8-73630E29C325.pdf,F1E84952-20E9-4DAA-94F8-73630E29C325,NA,NA,NA,NO,NA,NO,WHITE,NO,YES,1,480,Primary,1,Female,NA,Matched,NA,NA,NA,NA,NA,NA,XM,0.1,Thymus,TUMOR FREE,A,56
thym_tcga,TCGA-XM-A8RF,TCGA-XM-A8RF-01,NO,84,NA,NA,Thymic Tumor,Thymoma,NA,NA,NA,NA,896,0,NA,26.18,0:DiseaseFree,NA,NOT HISPANIC OR LATINO,NA,0.0502,150,Thymoma; Type A,No,No,C38.1,8581/3,C38.1,YES,2011,NO,NA,Video-assisted Thorascopic Surgery (VATS),NA,NA,23,NO,TRUE,THYM,26.18,0:LIVING,NA,AEA15EA1-38C2-4D0E-824D-E3495271B05D,07540B53-157A-4B44-8410-B4E7FEA5F610,TCGA-XM-A8RF.B6435C23-20B0-48EE-8EB0-6E702F784DAA.pdf,B6435C23-20B0-48EE-8EB0-6E702F784DAA,NA,NA,NA,NO,NA,NO,WHITE,NO,YES,1,500,Primary,1,Female,NA,Matched,NA,NA,NA,NA,NA,NA,XM,0.7666666667,Anterior Mediastinum,TUMOR FREE,A,85
thym_tcga,TCGA-XM-A8RG,TCGA-XM-A8RG-01,NO,67,NA,NA,Thymic Tumor,Thymoma,NA,NA,NA,NA,78,0,NA,12.68,0:DiseaseFree,NA,NOT HISPANIC OR LATINO,NA,0.074,170,Thymoma; Type A,No,Yes,C37,8581/1,C37.9,YES,2013,NO,NA,Video-assisted Thorascopic Surgery (VATS),NA,NA,15,NO,TRUE,THYM,12.68,0:LIVING,NA,FC9B7BF7-E649-4163-AD5A-B741785D3B79,03B92C6C-327A-44A1-A96C-3E49C36F8274,TCGA-XM-A8RG.0C55F447-1FC4-4DB4-B554-29ABBB8F3AB3.pdf,0C55F447-1FC4-4DB4-B554-29ABBB8F3AB3,NA,NA,NA,NO,NA,NO,WHITE,NO,YES,1,570,Primary,1,Male,NA,Matched,NA,NA,NA,NA,NA,NA,XM,0.4666666667,Thymus,TUMOR FREE,A,63
thym_tcga,TCGA-XM-A8RH,TCGA-XM-A8RH-01,NO,60,NA,NA,Thymic Tumor,Thymoma,NA,NA,NA,NA,57,0,NA,11.93,0:DiseaseFree,NA,NOT HISPANIC OR LATINO,NA,0,162,Thymoma; Type B1,No,No,C37,8583/3,C37.9,YES,2013,NO,NA,Video-assisted Thorascopic Surgery (VATS),NA,NA,5,NO,TRUE,THYM,11.93,0:LIVING,NA,154C7698-C0FE-40DA-B0FC-47B6385FCEE1,8E09D066-5982-4EDE-821F-A4B2E8EDCF58,TCGA-XM-A8RH.EDFCC5C9-4CA4-4AC6-88DE-CA69BD3BE1BF.pdf,EDFCC5C9-4CA4-4AC6-88DE-CA69BD3BE1BF,NA,NA,NA,NO,NA,NO,WHITE,NO,YES,1,630,Primary,1,Female,NA,Matched,NA,NA,NA,NA,NA,NA,XM,0.1666666667,Thymus,TUMOR FREE,A,64
thym_tcga,TCGA-XM-A8RI,TCGA-XM-A8RI-01,NO,77,NA,NA,Thymic Tumor,Thymoma,NA,NA,NA,NA,43,0,NA,12.71,0:DiseaseFree,NA,NA,NA,0.0001,186,Thymoma; Type B2,No,No,C37,8584/3,C37.9,YES,2013,NO,NA,Video-assisted Thorascopic Surgery (VATS),NA,NA,10,NO,TRUE,THYM,12.71,0:LIVING,NA,7FC85735-1BF2-4414-973C-E18F030E5AC0,3568D952-D51F-4E60-BA0A-7396CE524C18,TCGA-XM-A8RI.BF826305-1DA9-4899-9357-3CD69DD5A43A.pdf,BF826305-1DA9-4899-9357-3CD69DD5A43A,NA,NA,NA,NO,NA,NO,NA,NO,YES,1,770,Primary,1,Male,NA,Matched,NA,NA,NA,NA,NA,NA,XM,0.3333333333,Thymus,TUMOR FREE,A,95
thym_tcga,TCGA-XM-A8RL,TCGA-XM-A8RL-01,NO,44,NA,NA,Thymic Tumor,Thymoma,NA,NA,NA,NA,2256,0,NA,84.17,0:DiseaseFree,NA,NOT HISPANIC OR LATINO,NA,0,177,Thymoma; Type B1,No,No,C38.1,8583/3,C38.1,YES,2007,NO,NA,Median Sternectomy,NA,NA,1,NO,TRUE,THYM,84.17,0:LIVING,NA,DD240B82-B1D6-4C0F-AA3E-6FCFE1364EC1,CABC9729-C1E1-4F08-9959-985DCB7A00D5,TCGA-XM-A8RL.263F95C9-99C7-48CF-8DD1-84D154ABAB7B.pdf,263F95C9-99C7-48CF-8DD1-84D154ABAB7B,NA,NA,NA,NO,NA,NO,WHITE,NO,YES,1,290,Primary,1,Male,NA,Matched,NA,NA,NA,NA,NA,NA,XM,0.03333333333,Anterior Mediastinum,TUMOR FREE,A,94
thym_tcga,TCGA-XM-AAZ1,TCGA-XM-AAZ1-01,NO,42,NA,NA,Thymic Tumor,Thymoma,NA,NA,NA,NA,89,0,NA,13.04,0:DiseaseFree,NA,NOT HISPANIC OR LATINO,NA,0.0457,169,Thymoma; Type B2|Thymoma; Type B3,No,Yes,C38.1,8584/3,C38.1,YES,2013,NO,NA,Video-assisted Thorascopic Surgery (VATS),NA,NA,9,NO,TRUE,THYM,13.04,0:LIVING,NA,9084A558-11EA-448C-9F9D-0F90A94A29AF,2D6612AE-A9A2-4FF0-8EF2-23DF0EB155C3,TCGA-XM-AAZ1.5E99CD84-AA23-4532-B361-34899DD5BA64.pdf,5E99CD84-AA23-4532-B361-34899DD5BA64,NA,NA,NA,YES,NA,NO,WHITE,YES,YES,1,310,Primary,1,Male,NA,Matched,NA,NA,NA,NA,NA,NA,XM,0.3,Anterior Mediastinum,TUMOR FREE,A,75
thym_tcga,TCGA-XM-AAZ2,TCGA-XM-AAZ2-01,NO,73,NA,NA,Thymic Tumor,Thymoma,NA,NA,NA,NA,664,0,NA,32.23,0:DiseaseFree,NA,NOT HISPANIC OR LATINO,NA,0.0101,164,Thymoma; Type A,No,No,C38.1,8581/3,C38.1,YES,2012,NO,NA,Clamshell Sternectomy,NA,NA,15,NO,TRUE,THYM,32.23,0:LIVING,NA,17E2BF75-4CE6-4CD7-94A1-434C5AA36549,E7A626A8-6012-4DB5-9286-AC106D3A354B,TCGA-XM-AAZ2.63C3FEA5-DB7A-455F-9AD6-A6BC7B5B4195.pdf,63C3FEA5-DB7A-455F-9AD6-A6BC7B5B4195,NA,NA,NA,NO,NA,NO,BLACK OR AFRICAN AMERICAN,NO,YES,1,1120,Primary,1,Male,NA,Matched,NA,NA,NA,NA,NA,NA,XM,0.5,Anterior Mediastinum,TUMOR FREE,A,66
thym_tcga,TCGA-XM-AAZ3,TCGA-XM-AAZ3-01,NO,64,NA,NA,Thymic Tumor,Thymoma,NA,NA,NA,NA,833,0,NA,37.78,0:DiseaseFree,NA,NOT HISPANIC OR LATINO,NA,0,178,Thymoma; Type AB,No,No,C38.1,8582/3,C38.1,YES,2011,NO,NA,Lateral Thoracotomy,NA,NA,22,NO,TRUE,THYM,37.78,0:LIVING,NA,2FDB7682-1DCE-40BF-8180-D3A5A084ECB1,0EDBFFF9-7742-4263-AB1D-B51F86F6FECE,TCGA-XM-AAZ3.E74967BF-0603-42BC-A06B-8DFAD520B163.pdf,E74967BF-0603-42BC-A06B-8DFAD520B163,NA,NA,NA,NO,NA,NO,WHITE,NO,YES,1,800,Primary,1,Male,NA,Matched,NA,NA,NA,NA,NA,NA,XM,0.7333333333,Anterior Mediastinum,TUMOR FREE,A,100
thym_tcga,TCGA-XU-A92O,TCGA-XU-A92O-01,NO,63,NA,NA,Thymic Tumor,Thymoma,NA,NA,NA,NA,3165,0,NA,112.02,0:DiseaseFree,NA,NOT HISPANIC OR LATINO,NA,0,164,Thymoma; Type A,No,No,C37,8581/1,C37.9,YES,2005,NO,NA,Fine needle aspiration biopsy,NA,NA,21,NO,FALSE,THYM,112.02,0:LIVING,NA,B1774C5C-7A6F-4BF6-8539-15A35F1457E6,EEECEA09-8529-4AEC-B2C4-BC9B3E1F9C54,TCGA-XU-A92O.E560C9EB-822B-495B-B7E2-B02770B357C9.pdf,E560C9EB-822B-495B-B7E2-B02770B357C9,NA,NA,NA,NO,NA,NO,ASIAN,NO,YES,1,80,Primary,1,Male,NA,Matched,NA,NA,NA,NA,NA,NA,XU,0.7,Thymus,TUMOR FREE,A,66
thym_tcga,TCGA-XU-A92Q,TCGA-XU-A92Q-01,NO,50,NA,NA,Thymic Tumor,Thymoma,NA,NA,NA,NA,1931,0,NA,35.87,0:DiseaseFree,NA,NOT HISPANIC OR LATINO,NA,0,177,Thymoma; Type A,No,No,C37,8581/3,C37.9,YES,2008,NO,NA,Median Sternectomy,NA,NA,20,NO,FALSE,THYM,35.87,0:LIVING,NA,B7E1A4F5-9173-41C2-8079-C5CE59C8D190,E36E27C7-3131-4803-B6F1-80BFD74B63FC,TCGA-XU-A92Q.933D8D0D-10F0-40F0-8085-0DAEFF7738A5.pdf,933D8D0D-10F0-40F0-8085-0DAEFF7738A5,NA,NA,NA,NO,NA,NO,ASIAN,NO,YES,1,80,Primary,1,Male,NA,Matched,NA,NA,NA,NA,NA,NA,XU,0.6666666667,Thymus,TUMOR FREE,A,87
thym_tcga,TCGA-XU-A92R,TCGA-XU-A92R-01,NO,76,NA,NA,Thymic Tumor,Thymoma,NA,NA,NA,NA,2417,0,NA,89.98,0:DiseaseFree,NA,NOT HISPANIC OR LATINO,NA,0.0008,150,Thymoma; Type AB,No,No,C37,8582/3,C37.9,YES,2007,NO,NA,"Other method, specify:",Mediastinotomy,NA,19,NO,FALSE,THYM,89.98,0:LIVING,NA,C7FF8F16-9B89-4EFB-8C06-B866A8B26D7A,7E8CEE92-9F79-44E5-9B05-71E37E927313,TCGA-XU-A92R.0B9113FE-BCED-427C-867C-15CB1623A162.pdf,0B9113FE-BCED-427C-867C-15CB1623A162,NA,NA,NA,NO,NA,NO,ASIAN,NO,YES,1,110,Primary,1,Female,NA,Matched,NA,NA,NA,NA,NA,NA,XU,0.6333333333,Thymus,TUMOR FREE,A,53
thym_tcga,TCGA-XU-A92T,TCGA-XU-A92T-01,NO,81,NA,NA,Thymic Tumor,Thymoma,NA,NA,NA,NA,1197,0,NA,45.2,0:DiseaseFree,NA,NA,NA,0,151,Thymoma; Type AB,No,No,C37,8582/3,C37.9,YES,2010,NO,NA,Core needle biopsy,NA,NA,27,NO,FALSE,THYM,45.2,0:LIVING,NA,E464F16E-151C-4754-A8FF-E35B31D4C76F,AFA50BCA-5AEF-4E3D-BC69-6B758CB22687,TCGA-XU-A92T.43A21213-AE07-4971-8A3C-77904C0E96BD.pdf,43A21213-AE07-4971-8A3C-77904C0E96BD,NA,NA,NA,NO,NA,NO,WHITE,NO,YES,1,90,Primary,1,Female,NA,Matched,NA,NA,NA,NA,NA,NA,XU,0.9,Thymus,TUMOR FREE,A,55
thym_tcga,TCGA-XU-A92U,TCGA-XU-A92U-01,NO,67,NA,NA,Thymic Tumor,Thymoma,NA,NA,NA,NA,4271,0,NA,149.87,0:DiseaseFree,NA,NA,NA,0,NA,Thymoma; Type B2,No,No,C37,8584/3,C37.9,YES,2002,NO,NA,Fine needle aspiration biopsy,NA,NA,11,NO,FALSE,THYM,149.87,0:LIVING,NA,FAC44B50-AA8C-498E-88AF-4EB5C2F5F67A,7E266CF7-8E01-4CFA-9EC9-DDA82F2F9882,TCGA-XU-A92U.511791C2-9899-4503-A77A-4C4B3874BEBD.pdf,511791C2-9899-4503-A77A-4C4B3874BEBD,NA,NA,NA,NO,NA,NO,WHITE,YES,YES,1,110,Primary,1,Male,NA,Matched,NA,NA,NA,NA,NA,NA,XU,0.3333333333,Thymus,TUMOR FREE,A,NA
thym_tcga,TCGA-XU-A92V,TCGA-XU-A92V-01,NO,72,NA,NA,Thymic Tumor,Thymoma,NA,NA,NA,NA,440,0,NA,NA,NA,NA,NOT HISPANIC OR LATINO,NA,0.0072,153,Thymoma; Type AB,No,No,C37,8582/3,C37.9,YES,2012,NO,NA,Median Sternectomy,NA,NA,27,NO,FALSE,THYM,4.07,1:DECEASED,NA,55536B55-0E84-49A2-B5DF-B88431965B3E,9983D506-819E-4758-B611-5629FCDE1DC2,TCGA-XU-A92V.2DE55D76-D73E-4ACA-84DB-619961565D40.pdf,2DE55D76-D73E-4ACA-84DB-619961565D40,NA,NA,NA,NO,NA,NO,ASIAN,NO,YES,1,90,Primary,1,Female,NA,Matched,NA,NA,NA,NA,NA,NA,XU,0.9,Thymus,TUMOR FREE,A,54
thym_tcga,TCGA-XU-A92W,TCGA-XU-A92W-01,NO,61,NA,NA,Thymic Tumor,Thymoma,NA,NA,NA,NA,2964,0,NA,107.72,0:DiseaseFree,NA,NA,NA,0.0002,170,Thymoma; Type AB,No,No,C37,8582/3,C37.9,YES,2005,NO,NA,Median Sternectomy,NA,NA,7,NO,FALSE,THYM,107.72,0:LIVING,NA,C1F7E0CD-24B0-4C45-8E60-1FF669A692AB,8146AD8D-867E-4355-8FD8-B774C057C2A7,TCGA-XU-A92W.2709A0EE-FBA3-411A-9E07-83FE0824A862.pdf,2709A0EE-FBA3-411A-9E07-83FE0824A862,NA,NA,NA,NO,NA,NO,WHITE,YES,YES,1,50,Primary,1,Male,NA,Matched,NA,NA,NA,NA,NA,NA,XU,0.2333333333,Thymus,TUMOR FREE,A,93
thym_tcga,TCGA-XU-A92X,TCGA-XU-A92X-01,NO,17,NA,NA,Thymic Tumor,Thymoma,NA,NA,NA,NA,2009,0,NA,76.97,0:DiseaseFree,NA,NOT HISPANIC OR LATINO,NA,0.0001,168,Thymoma; Type B2,No,No,C37,8584/3,C37.9,YES,2008,NO,NA,Median Sternectomy,NA,NA,7,NO,FALSE,THYM,76.97,0:LIVING,NA,D04D927B-BB66-435F-BB8F-DD71145C5EEC,E7E2EF45-3D16-439F-86A0-62D4C023EF20,TCGA-XU-A92X.4DC88376-0D34-412D-A2D2-CF1331996D84.pdf,4DC88376-0D34-412D-A2D2-CF1331996D84,NA,NA,NA,NO,NA,NO,ASIAN,NO,YES,1,90,Primary,1,Male,NA,Matched,NA,NA,NA,NA,NA,NA,XU,0.2333333333,Thymus,TUMOR FREE,A,93
thym_tcga,TCGA-XU-A92Y,TCGA-XU-A92Y-01,NO,71,NA,NA,Thymic Tumor,Thymoma,NA,NA,NA,NA,3389,0,NA,40.21,1:Recurred/Progressed,NA,NOT HISPANIC OR LATINO,NA,0.0207,158,Thymoma; Type B3,No,No,C38.1,8585/3,C38.1,YES,2004,NO,NA,Median Sternectomy,NA,NA,12,YES,FALSE,THYM,114.59,1:DECEASED,NA,FD15FF57-F121-40EA-A3B9-B66CBF34C1E0,277F03CD-2108-4E7E-A946-E4AAAB01C6F8,TCGA-XU-A92Y.91B17025-8C0D-4F00-9687-7FF008CE5036.pdf,91B17025-8C0D-4F00-9687-7FF008CE5036,NA,NA,NA,NO,NA,NO,WHITE,YES,YES,1,60,Primary,1,Female,NA,Matched,NA,NA,NA,NA,NA,NA,XU,0.4,Anterior Mediastinum,WITH TUMOR,A,67
thym_tcga,TCGA-XU-A92Z,TCGA-XU-A92Z-01,NO,76,NA,NA,Thymic Tumor,Thymoma,NA,NA,NA,NA,3327,0,NA,120.34,0:DiseaseFree,NA,NOT HISPANIC OR LATINO,NA,0.0184,157,Thymoma; Type C,No,No,C37,8586/3,C37.9,YES,2004,NO,NA,Fine needle aspiration biopsy,NA,NA,22,NO,FALSE,THYM,120.34,0:LIVING,NA,9CABDE13-0CBB-4502-9DC1-4C9BD8A68313,70F153F2-A383-4642-9D3B-091A8A34AE8B,TCGA-XU-A92Z.BB9BF31C-53C9-47BA-B3DD-EB96FC8820CE.pdf,BB9BF31C-53C9-47BA-B3DD-EB96FC8820CE,NA,NA,NA,NO,NA,NO,ASIAN,YES,YES,1,100,Primary,1,Male,NA,Matched,NA,NA,NA,NA,NA,NA,XU,0.7,Thymus,TUMOR FREE,A,61
thym_tcga,TCGA-XU-A930,TCGA-XU-A930-01,NO,43,NA,NA,Thymic Tumor,Thymoma,NA,NA,NA,NA,2247,0,NA,82.59,0:DiseaseFree,NA,NOT HISPANIC OR LATINO,NA,0.1544,177,Thymoma; Type B3,No,No,C37,8585/3,C37.9,YES,2007,NO,NA,Median Sternectomy,NA,NA,23,NO,FALSE,THYM,82.59,0:LIVING,NA,2A654463-1D68-4C82-9549-4526AAD41870,B94C14A0-3427-40BF-9861-D317EFFEE7EF,TCGA-XU-A930.09A3C18C-6311-4540-8CE3-16532A05459C.pdf,09A3C18C-6311-4540-8CE3-16532A05459C,NA,NA,NA,NO,NA,NO,WHITE,YES,YES,1,80,Primary,1,Male,NA,Matched,NA,NA,NA,NA,NA,NA,XU,0.7666666667,Thymus,TUMOR FREE,A,83
thym_tcga,TCGA-XU-A931,TCGA-XU-A931-01,NO,61,NA,NA,Thymic Tumor,Thymoma,NA,NA,NA,NA,2226,0,NA,45.24,1:Recurred/Progressed,NA,NA,NA,0.385,170,Thymoma; Type B3,No,No,C37,8585/3,C37.9,YES,2007,NO,NA,Median Sternectomy,NA,NA,12,YES,FALSE,THYM,52.86,1:DECEASED,NA,5F18924A-BCD6-4462-9C99-E634BDDAF18E,164A625E-D3CF-4AC7-B2BD-48A75ED98246,TCGA-XU-A931.B64C96CE-2E34-4ADD-9FF1-1BF5C0A7190A.pdf,B64C96CE-2E34-4ADD-9FF1-1BF5C0A7190A,NA,NA,NA,NO,NA,NO,WHITE,YES,YES,1,100,Primary,1,Female,NA,Matched,NA,NA,NA,NA,NA,NA,XU,0.4,Thymus,TUMOR FREE,A,77
thym_tcga,TCGA-XU-A932,TCGA-XU-A932-01,NO,37,NA,NA,Thymic Tumor,Thymoma,NA,NA,NA,NA,1864,0,NA,70.6,0:DiseaseFree,NA,NOT HISPANIC OR LATINO,NA,0.0004,158,Thymoma; Type B2,No,No,C37,8584/3,C37.9,YES,2008,NO,NA,Median Sternectomy,NA,NA,3,NO,FALSE,THYM,70.6,0:LIVING,NA,4D6F70AA-EF52-4F98-A929-5D511601ABED,9266C51E-42E9-43F1-AF42-51F6293269EC,TCGA-XU-A932.EEAC2D49-4166-4A70-A399-4376DA12A5FF.pdf,EEAC2D49-4166-4A70-A399-4376DA12A5FF,NA,NA,NA,NO,NA,NO,ASIAN,YES,YES,1,110,Primary,1,Male,NA,Matched,NA,NA,NA,NA,NA,NA,XU,0.1,Thymus,TUMOR FREE,A,68
thym_tcga,TCGA-XU-A933,TCGA-XU-A933-01,NO,52,NA,NA,Thymic Tumor,Thymoma,NA,NA,NA,NA,1456,0,NA,58.77,0:DiseaseFree,NA,NOT HISPANIC OR LATINO,NA,0.2159,148,Thymoma; Type C,No,No,C37,8586/3,C37.9,YES,2009,NO,NA,Median Sternectomy,NA,NA,32,NO,FALSE,THYM,58.77,0:LIVING,NA,FF0E9D4A-2B62-4A15-B71A-2887D8747AE6,282BF7B9-F0BA-416D-972E-EBFDC2B9F55D,TCGA-XU-A933.E5B9EE6F-7102-4771-8954-706431B70121.pdf,E5B9EE6F-7102-4771-8954-706431B70121,NA,NA,NA,YES,NA,NO,ASIAN,YES,YES,1,120,Primary,1,Female,NA,Matched,NA,NA,NA,NA,NA,NA,XU,1.033333333,Thymus,TUMOR FREE,A,69
thym_tcga,TCGA-XU-A936,TCGA-XU-A936-01,NO,65,NA,NA,Thymic Tumor,Thymoma,NA,NA,NA,NA,353,0,NA,21.12,0:DiseaseFree,NA,NOT HISPANIC OR LATINO,NA,0.1745,156,Thymoma; Type C,No,No,C37,8586/3,C37.9,YES,2012,NO,NA,Fine needle aspiration biopsy,NA,NA,26,NO,FALSE,THYM,21.12,0:LIVING,NA,29E038BA-B042-473E-A526-96D41B2830E1,281C86AF-B5DE-4079-AEED-1C09CCA83446,TCGA-XU-A936.86268FD0-9AB5-4F45-9458-D95510C321D8.pdf,86268FD0-9AB5-4F45-9458-D95510C321D8,NA,NA,NA,NO,NA,NO,WHITE,YES,YES,1,110,Primary,1,Female,NA,Matched,NA,NA,NA,NA,NA,NA,XU,0.8333333333,Anterior Mediastinum,TUMOR FREE,A,79
thym_tcga,TCGA-XU-AAXV,TCGA-XU-AAXV-01,NO,45,NA,NA,Thymic Tumor,Thymoma,NA,NA,NA,NA,3857,0,NA,133.71,0:DiseaseFree,NA,HISPANIC OR LATINO,NA,NA,NA,Thymoma; Type B2,No,No,C37,8584/3,C37.9,YES,2003,NO,NA,Median Sternectomy,NA,NA,NA,NO,FALSE,THYM,133.71,0:LIVING,NA,80606B1C-E8C8-4C3D-8475-3D846A84CA98,EE2525EE-68C8-4229-9438-AF3AB583FF33,TCGA-XU-AAXV.E4A9585C-1D65-4C42-BF09-78573DAC5A71.pdf,E4A9585C-1D65-4C42-BF09-78573DAC5A71,NA,NA,NA,NO,NA,NO,WHITE,YES,YES,1,60,Primary,1,Female,NA,Matched,NA,NA,NA,NA,NA,NA,XU,NA,Thymus,TUMOR FREE,A,NA
thym_tcga,TCGA-XU-AAXW,TCGA-XU-AAXW-01,NO,39,NA,NA,Thymic Tumor,Thymoma,NA,NA,NA,NA,3514,0,NA,123.59,0:DiseaseFree,NA,NOT HISPANIC OR LATINO,NA,0.0001,162,Thymoma; Type B2,No,No,C37,8584/3,C37.9,YES,2004,NO,NA,Median Sternectomy,NA,NA,1,NO,FALSE,THYM,123.59,0:LIVING,NA,4DB60B44-21B5-433C-9689-F6AA79B819B8,BBE1D8FC-42FC-4E58-82FC-7AE67CDC7562,TCGA-XU-AAXW.3D1B36F9-8DA7-4303-ABB6-31C62324FC7E.pdf,3D1B36F9-8DA7-4303-ABB6-31C62324FC7E,NA,NA,NA,NO,NA,NO,ASIAN,YES,YES,1,90,Primary,1,Female,NA,Matched,NA,NA,NA,NA,NA,NA,XU,0.03333333333,Thymus,TUMOR FREE,A,73
thym_tcga,TCGA-XU-AAXX,TCGA-XU-AAXX-01,NO,44,NA,NA,Thymic Tumor,Thymoma,NA,NA,NA,NA,2424,0,NA,89.39,0:DiseaseFree,NA,NA,NA,0.0001,166,Thymoma; Type B2,No,No,C37,8584/3,C37.9,YES,2007,NO,NA,Median Sternectomy,NA,NA,3,NO,FALSE,THYM,89.39,0:LIVING,NA,5B7B3E7C-3230-4675-8FDF-3E5119B02CE1,58254F6C-7B1D-4722-A9EB-659F1502ACAC,TCGA-XU-AAXX.045A3F6C-6992-4BFC-A588-AF588A9EF294.pdf,045A3F6C-6992-4BFC-A588-AF588A9EF294,NA,NA,NA,NO,NA,NO,WHITE,YES,YES,1,80,Primary,1,Female,NA,Matched,NA,NA,NA,NA,NA,NA,XU,0.1,Thymus,TUMOR FREE,A,70
thym_tcga,TCGA-XU-AAXY,TCGA-XU-AAXY-01,NO,43,NA,NA,Thymic Tumor,Thymoma,NA,NA,NA,NA,1741,0,NA,62.12,0:DiseaseFree,NA,NOT HISPANIC OR LATINO,NA,0,181,Thymoma; Type B2,No,No,C37,8584/3,C37.9,YES,2009,NO,NA,Median Sternectomy,NA,NA,1,NO,FALSE,THYM,62.12,0:LIVING,NA,7933B320-AE8C-4D3D-9468-8ABB135E93D5,DFE2A068-9927-42D1-AA2A-D813D9DC792B,TCGA-XU-AAXY.8FF81F34-90A2-423E-B67D-A694F941FB8B.pdf,8FF81F34-90A2-423E-B67D-A694F941FB8B,NA,NA,NA,NO,NA,NO,WHITE,YES,YES,1,70,Primary,1,Male,NA,Matched,NA,NA,NA,NA,NA,NA,XU,0.03333333333,Thymus,TUMOR FREE,A,95
thym_tcga,TCGA-XU-AAXZ,TCGA-XU-AAXZ-01,NO,63,NA,NA,Thymic Tumor,Thymoma,NA,NA,NA,NA,1433,0,NA,50.49,0:DiseaseFree,NA,NOT HISPANIC OR LATINO,NA,0,181,Thymoma; Type B3,No,No,C37,8585/3,C37.9,YES,2010,NO,NA,Median Sternectomy,NA,NA,7,NO,FALSE,THYM,50.49,0:LIVING,NA,57000A6A-B132-4C02-807F-5505AD3E1FDD,2B85E3A7-93BB-4031-85C7-F4F5320D30CB,TCGA-XU-AAXZ.543F433F-A26D-4638-8064-8BF6C1BDC165.pdf,543F433F-A26D-4638-8064-8BF6C1BDC165,NA,NA,NA,NO,NA,NO,WHITE,YES,YES,1,60,Primary,1,Male,NA,Matched,NA,NA,NA,NA,NA,NA,XU,0.2333333333,Thymus,TUMOR FREE,A,90
thym_tcga,TCGA-XU-AAY0,TCGA-XU-AAY0-01,NO,62,NA,NA,Thymic Tumor,Thymoma,NA,NA,NA,NA,1229,0,NA,49.34,0:DiseaseFree,NA,NOT HISPANIC OR LATINO,NA,0.0001,151,Thymoma; Type AB,No,No,C37,8582/3,C37.9,YES,2010,NO,NA,"Other method, specify:",Mediastinoscopy,NA,7,NO,FALSE,THYM,49.34,0:LIVING,NA,748FC94F-D496-46B1-A5F4-42AA53DE0F31,AD513E02-9EBF-429A-B479-841CD995425A,TCGA-XU-AAY0.FE9A7EDE-B8DF-411D-87EE-B2C9DD2793BB.pdf,FE9A7EDE-B8DF-411D-87EE-B2C9DD2793BB,NA,NA,NA,NO,NA,NO,ASIAN,NO,YES,1,100,Primary,1,Female,NA,Matched,NA,NA,NA,NA,NA,NA,XU,0.2666666667,Thymus,TUMOR FREE,A,65
thym_tcga,TCGA-XU-AAY1,TCGA-XU-AAY1-01,NO,51,NA,NA,Thymic Tumor,Thymoma,NA,NA,NA,NA,2966,0,NA,107.36,0:DiseaseFree,NA,NOT HISPANIC OR LATINO,NA,0.0001,160,Thymoma; Type AB,No,No,C37,8582/3,C37.9,YES,2005,NO,NA,Median Sternectomy,NA,NA,2,NO,FALSE,THYM,107.36,0:LIVING,NA,09F8ACFC-4D80-4005-9F40-7485309997F5,643617E1-C8C1-4A7B-A848-20219C481CE7,TCGA-XU-AAY1.127934A1-BE6A-4661-A570-45934AB914EE.pdf,127934A1-BE6A-4661-A570-45934AB914EE,NA,NA,NA,NO,NA,NO,ASIAN,NO,YES,1,140,Primary,1,Female,NA,Matched,NA,NA,NA,NA,NA,NA,XU,0.06666666667,Thymus,TUMOR FREE,A,52
thym_tcga,TCGA-YT-A95D,TCGA-YT-A95D-01,NO,50,NA,NA,Thymic Tumor,Thymoma,NA,NA,NA,NA,410,0,NA,5.52,1:Recurred/Progressed,NA,NA,NA,0.034,164,Thymoma; Type AB,No,No,C38.1,8521/1,C38.1,YES,2012,NO,NA,Lateral Thoracotomy,NA,NA,16,YES,FALSE,THYM,24.64,0:LIVING,NA,D3BF7BB0-086B-4AAB-8048-ABC0D91948AD,2793D052-2E75-45AA-B76A-22CF6F1FF65E,TCGA-YT-A95D.AAEC6A80-48B3-4420-862C-9596A33922B9.pdf,AAEC6A80-48B3-4420-862C-9596A33922B9,NA,NA,NA,NO,NA,NO,WHITE,NO,YES,1,220,Primary,1,Female,NA,Matched,NA,NA,NA,NA,NA,NA,YT,0.5333333333,Anterior Mediastinum,TUMOR FREE,A,63
thym_tcga,TCGA-YT-A95E,TCGA-YT-A95E-01,NO,52,NA,NA,Thymic Tumor,Thymoma,NA,NA,NA,NA,727,0,NA,35.15,0:DiseaseFree,NA,NA,NA,0.0001,178,Thymoma; Type B2,No,No,C38.1,8584/1,C38.1,YES,2011,NO,NA,Lateral Thoracotomy,NA,NA,7,NO,FALSE,THYM,35.15,0:LIVING,NA,D3189C8E-FFE0-41FF-9C7B-64DA4C83B991,74353A4C-7AFB-4C90-B00E-247BF2838E86,TCGA-YT-A95E.65F396D8-0059-420B-8F48-BA0294D5F8C0.pdf,65F396D8-0059-420B-8F48-BA0294D5F8C0,NA,NA,NA,NO,NA,NO,WHITE,NO,YES,1,390,Primary,1,Male,NA,Matched,NA,NA,NA,NA,NA,NA,YT,0.2333333333,Anterior Mediastinum,TUMOR FREE,A,69
thym_tcga,TCGA-YT-A95F,TCGA-YT-A95F-01,NO,55,NA,NA,Thymic Tumor,Thymoma,NA,NA,NA,NA,396,0,NA,25.46,0:DiseaseFree,NA,NA,NA,0,159,Thymoma; Type AB,No,Yes,C38.1,8582/1,C38.1,YES,2012,NO,NA,Lateral Thoracotomy,NA,NA,15,NO,FALSE,THYM,25.46,0:LIVING,NA,756DD9BF-BF40-4AD2-A78E-9430C2C8EA6E,78AC4432-7E27-4946-A29B-CDF19D55BE06,TCGA-YT-A95F.BF066BA9-0185-4691-8DC9-A354E0331DC2.pdf,BF066BA9-0185-4691-8DC9-A354E0331DC2,NA,NA,NA,NO,NA,NO,WHITE,NO,YES,1,190,Primary,1,Female,NA,Matched,NA,NA,NA,NA,NA,NA,YT,0.5,Anterior Mediastinum,TUMOR FREE,A,70
thym_tcga,TCGA-YT-A95G,TCGA-YT-A95G-01,NO,61,NA,NA,Thymic Tumor,Thymoma,NA,NA,NA,NA,1230,0,NA,49.74,0:DiseaseFree,NA,NA,NA,0.0486,157,Thymoma; Type B2,No,No,C37,8584/1,C37.9,YES,2010,NO,NA,Median Sternectomy,NA,NA,10,NO,FALSE,THYM,49.74,0:LIVING,NA,7459BEC0-1B54-4FD7-90DB-8375168E6B1A,DCD3AEE2-4AD9-45EA-86D9-4E69E58D2A56,TCGA-YT-A95G.60D44471-E8AB-47FF-BC45-0ECF59E87F81.pdf,60D44471-E8AB-47FF-BC45-0ECF59E87F81,NA,NA,NA,NO,NA,NO,WHITE,NO,YES,1,180,Primary,1,Female,NA,Matched,NA,NA,NA,NA,NA,NA,YT,0.3333333333,Thymus,TUMOR FREE,A,55
thym_tcga,TCGA-YT-A95H,TCGA-YT-A95H-01,NO,69,NA,NA,Thymic Tumor,Thymoma,NA,NA,NA,NA,284,0,NA,23.36,0:DiseaseFree,NA,NA,NA,0.0002,166,Thymoma; Type AB,No,No,C38.1,8582/1,C38.1,YES,2013,NO,NA,Median Sternectomy,NA,NA,8,NO,FALSE,THYM,23.36,0:LIVING,NA,4C0CF497-ABEA-4EA5-A207-E26F85F3BD18,FDC5819C-9226-4A1B-BF25-B8CA655FEBBF,TCGA-YT-A95H.F394C6F3-0242-45D5-B5CD-8B74010A5A6B.pdf,F394C6F3-0242-45D5-B5CD-8B74010A5A6B,NA,NA,NA,NO,NA,NO,WHITE,NO,YES,1,190,Primary,1,Male,NA,Matched,NA,NA,NA,NA,NA,NA,YT,0.2666666667,Anterior Mediastinum,TUMOR FREE,A,72
thym_tcga,TCGA-ZB-A961,TCGA-ZB-A961-01,NO,69,NA,NA,Thymic Tumor,Thymoma,NA,NA,NA,NA,1127,0,NA,NA,NA,NA,NOT HISPANIC OR LATINO,NA,0.1469,174,Thymoma; Type A,No,No,C38.1,8581/3,C38.1,YES,2010,NO,NA,Video-assisted Thorascopic Surgery (VATS),NA,NA,16,NO,TRUE,THYM,5.91,1:DECEASED,NA,E0DF61C1-C93A-419A-B99C-1E97E0CABED1,2EBDF275-3376-427E-8309-0D7E7F89B269,TCGA-ZB-A961.E8BBC5EB-22F5-42FF-AE8D-85D89821FC00.pdf,E8BBC5EB-22F5-42FF-AE8D-85D89821FC00,NA,NA,NA,NO,NA,NO,WHITE,NO,YES,1,140,Primary,1,Male,NA,Matched,NA,NA,NA,NA,NA,NA,ZB,0.5333333333,Thymus,TUMOR FREE,A,77
thym_tcga,TCGA-ZB-A962,TCGA-ZB-A962-01,NO,64,NA,NA,Thymic Tumor,Thymoma,NA,NA,NA,NA,1109,0,NA,44.84,1:Recurred/Progressed,NA,NOT HISPANIC OR LATINO,NA,0.0431,182,Thymoma; Type A,No,No,C38.1,8581/3,C38.1,YES,2010,NO,NA,Lateral Thoracotomy,NA,NA,19,NO,TRUE,THYM,54.11,0:LIVING,NA,2F6F86F3-6D31-4A8C-B70D-2759B44BAC6C,83AA5979-8A5F-4759-A439-3F864284BF96,TCGA-ZB-A962.6A36C52D-715D-41BA-972A-205C690CAFAF.pdf,6A36C52D-715D-41BA-972A-205C690CAFAF,NA,NA,NA,NO,NA,NO,WHITE,NO,YES,1,150,Primary,1,Male,NA,Matched,NA,NA,NA,NA,NA,NA,ZB,0.6333333333,Thymus,TUMOR FREE,A,89
thym_tcga,TCGA-ZB-A963,TCGA-ZB-A963-01,NO,46,NA,NA,Thymic Tumor,Thymoma,NA,NA,NA,NA,938,0,NA,48.69,0:DiseaseFree,NA,NOT HISPANIC OR LATINO,NA,0,185,Thymoma; Type AB,No,No,C38.1,8582/3,C38.1,YES,2011,NO,NA,Surgical Resection,NA,NA,6,NO,TRUE,THYM,48.69,0:LIVING,NA,D6B1516A-8271-4071-8C56-D4538DE63892,DC349335-C431-44D6-BFBD-BD85388382B8,TCGA-ZB-A963.9A6AB32E-8615-4C5D-B714-2FA44372BCCE.pdf,9A6AB32E-8615-4C5D-B714-2FA44372BCCE,NA,NA,NA,NO,NA,NO,WHITE,YES,YES,1,220,Primary,1,Male,NA,Matched,NA,NA,NA,NA,NA,NA,ZB,0.2,Thymus,TUMOR FREE,A,90
thym_tcga,TCGA-ZB-A964,TCGA-ZB-A964-01,NO,70,NA,NA,Thymic Tumor,Thymoma,NA,NA,NA,NA,749,0,NA,42.28,0:DiseaseFree,NA,NOT HISPANIC OR LATINO,NA,0,NA,Thymoma; Type A,No,No,C38.1,8581/3,C38.1,YES,2011,NO,NA,Lateral Thoracotomy,NA,NA,12,NO,TRUE,THYM,42.28,0:LIVING,NA,38668BA7-213E-4F2C-85D1-C0E2A8ED0EA1,03DBE49D-EBB4-404E-87AA-BB448713959B,TCGA-ZB-A964.1116C97B-EE28-4073-9E05-C6E28689B9B0.pdf,1116C97B-EE28-4073-9E05-C6E28689B9B0,NA,NA,NA,NO,NA,NO,WHITE,NO,YES,1,110,Primary,1,Male,NA,Matched,NA,NA,NA,NA,NA,NA,ZB,0.4,Thymus,TUMOR FREE,A,NA
thym_tcga,TCGA-ZB-A965,TCGA-ZB-A965-01,NO,75,NA,NA,Thymic Tumor,Thymoma,NA,NA,NA,NA,405,0,NA,26.81,0:DiseaseFree,NA,NOT HISPANIC OR LATINO,NA,0,151,Thymoma; Type A|Thymoma; Type AB,No,Yes,C37,8581/3,C37.9,YES,2012,NO,NA,Lateral Thoracotomy,NA,NA,23,NO,TRUE,THYM,26.81,0:LIVING,NA,51FECA45-114E-4817-99D6-1C9842CD679A,FC6CD4A7-FC35-4DC4-886F-ED72269B40EF,TCGA-ZB-A965.ECAA1C00-E3DF-49B9-A623-5269D81F8C17.pdf,ECAA1C00-E3DF-49B9-A623-5269D81F8C17,NA,NA,NA,NO,NA,NO,WHITE,YES,YES,1,130,Primary,1,Female,NA,Matched,NA,NA,NA,NA,NA,NA,ZB,0.7666666667,Thymus,TUMOR FREE,A,86
thym_tcga,TCGA-ZB-A966,TCGA-ZB-A966-01,NO,78,NA,NA,Thymic Tumor,Thymoma,NA,NA,NA,NA,391,0,NA,9.72,1:Recurred/Progressed,NA,NOT HISPANIC OR LATINO,NA,0.1157,156,Thymoma; Type C,No,No,C37,8586/3,C37.9,YES,2012,NO,NA,Median Sternectomy,NA,NA,652,YES,TRUE,THYM,12.45,1:DECEASED,NA,2B794EAE-814C-4B5C-B276-BE9096B94F94,0C4C53AE-6C18-4207-B932-C2E58CDAFC20,TCGA-ZB-A966.8C001ED3-2EF9-4DD5-9747-82A5BEE70A56.pdf,8C001ED3-2EF9-4DD5-9747-82A5BEE70A56,NA,NA,NA,NO,NA,NO,WHITE,YES,YES,1,140,Primary,1,Female,NA,Matched,NA,NA,NA,NA,NA,NA,ZB,21.5,Thymus,WITH TUMOR,A,57
thym_tcga,TCGA-ZB-A969,TCGA-ZB-A969-01,NO,72,NA,NA,Thymic Tumor,Thymoma,NA,NA,NA,NA,499,0,NA,34.36,0:DiseaseFree,NA,NOT HISPANIC OR LATINO,NA,0.0864,167,Thymoma; Type C,No,No,C38.1,8586/3,C38.1,YES,2012,NO,NA,Lateral Thoracotomy,NA,NA,34,NO,TRUE,THYM,34.36,0:LIVING,NA,CE6EEE0D-6F27-4516-95A4-B1B604DE9776,66C63441-EA40-4DF1-BDE9-D30C03FF1260,TCGA-ZB-A969.7E8A5F5C-E3E4-419B-95F7-EC15E465F226.pdf,7E8A5F5C-E3E4-419B-95F7-EC15E465F226,NA,NA,NA,NO,NA,NO,WHITE,NO,YES,1,150,Primary,1,Female,NA,Matched,NA,NA,NA,NA,NA,NA,ZB,1.2,Anterior Mediastinum,TUMOR FREE,A,73
thym_tcga,TCGA-ZB-A96A,TCGA-ZB-A96A-01,NO,53,NA,NA,Thymic Tumor,Thymoma,NA,NA,NA,NA,1816,0,NA,77.33,0:DiseaseFree,NA,NOT HISPANIC OR LATINO,NA,0,170,Thymoma; Type B2|Thymoma; Type B3,No,No,C38.1,8584/3,C38.1,YES,2008,NO,NA,Median Sternectomy,NA,NA,11,NO,TRUE,THYM,77.33,0:LIVING,NA,FAA4AD8D-97C1-41B3-BB5F-534E8F6D6AEF,1D74DD3F-35CE-42C4-A476-47B85D14C962,TCGA-ZB-A96A.BC8B9E80-DB97-4EC1-8588-D9C23DA7B0FB.pdf,BC8B9E80-DB97-4EC1-8588-D9C23DA7B0FB,NA,NA,NA,NO,NA,NO,WHITE,NO,YES,1,230,Primary,1,Male,NA,Matched,NA,NA,NA,NA,NA,NA,ZB,0.3666666667,Thymus,TUMOR FREE,A,79
thym_tcga,TCGA-ZB-A96B,TCGA-ZB-A96B-01,NO,51,NA,NA,Thymic Tumor,Thymoma,NA,NA,NA,NA,1800,0,NA,2.99,1:Recurred/Progressed,NA,NOT HISPANIC OR LATINO,NA,0.0003,178,Thymoma; Type B1,No,No,C37,8583/3,C37.9,YES,2009,NO,NA,Lateral Thoracotomy,NA,NA,2,YES,TRUE,THYM,72.63,0:LIVING,NA,5324C178-1B4B-42F8-AC9E-17C5F349A289,EEA6FDCD-9662-4990-948F-6B9E63C8C5BB,TCGA-ZB-A96B.6EC60C7E-EC20-4A58-A3A2-26A27E4EF1A8.pdf,6EC60C7E-EC20-4A58-A3A2-26A27E4EF1A8,NA,NA,NA,NO,NA,NO,WHITE,NO,YES,1,130,Primary,1,Male,NA,Matched,NA,NA,NA,NA,NA,NA,ZB,0.06666666667,Thymus,TUMOR FREE,A,80
thym_tcga,TCGA-ZB-A96C,TCGA-ZB-A96C-01,NO,77,NA,NA,Thymic Tumor,Thymoma,NA,NA,NA,NA,1625,0,NA,71.06,0:DiseaseFree,NA,NOT HISPANIC OR LATINO,NA,0.006,156,Thymoma; Type AB,No,Yes,C37,8582/3,C37.9,YES,2009,NO,NA,Lateral Thoracotomy,NA,NA,24,NO,TRUE,THYM,71.06,0:LIVING,NA,9B116A89-BA1A-4B7F-BCC6-2DCD950269EC,5EECFDE6-07CC-49D5-AD68-21742304DF55,TCGA-ZB-A96C.B91A8D4C-B663-4232-96CF-A4609DC65316.pdf,B91A8D4C-B663-4232-96CF-A4609DC65316,NA,NA,NA,NO,NA,NO,WHITE,NO,YES,1,110,Primary,1,Female,NA,Matched,NA,NA,NA,NA,NA,NA,ZB,0.8,Thymus,TUMOR FREE,A,61
thym_tcga,TCGA-ZB-A96D,TCGA-ZB-A96D-01,NO,52,NA,NA,Thymic Tumor,Thymoma,NA,NA,NA,NA,1522,0,NA,64.39,0:DiseaseFree,NA,NOT HISPANIC OR LATINO,NA,0,163,Thymoma; Type AB,No,No,C38.1,8582/3,C38.1,YES,2009,NO,NA,Lateral Thoracotomy,NA,NA,11,NO,TRUE,THYM,64.39,0:LIVING,NA,AFC984DC-588C-4277-88AA-5D82DD8BD40C,5D82746A-98CE-4ACE-B13C-61405B7F967E,TCGA-ZB-A96D.7B06FFA1-E992-438A-9BE8-E5E7D7E203FE.pdf,7B06FFA1-E992-438A-9BE8-E5E7D7E203FE,NA,NA,NA,NO,NA,NO,WHITE,YES,YES,1,110,Primary,1,Female,NA,Matched,NA,NA,NA,NA,NA,NA,ZB,0.3666666667,Thymus,TUMOR FREE,A,84
thym_tcga,TCGA-ZB-A96E,TCGA-ZB-A96E-01,NO,60,NA,NA,Thymic Tumor,Thymoma,NA,NA,NA,NA,1281,0,NA,59.76,0:DiseaseFree,NA,NOT HISPANIC OR LATINO,NA,0,175,Thymoma; Type A|Thymoma; Type AB,No,No,C37,8581/3,C37.9,YES,2010,NO,NA,Video-assisted Thorascopic Surgery (VATS),NA,NA,25,NO,TRUE,THYM,59.76,0:LIVING,NA,628ECFE9-9E29-4B51-A11E-96D4E9181D86,0BE11FB3-A4F6-42DA-87FB-F349A14E8177,TCGA-ZB-A96E.3CB6F5C3-25B8-41F3-8E21-32F865CF0FF0.pdf,3CB6F5C3-25B8-41F3-8E21-32F865CF0FF0,NA,NA,NA,NO,NA,NO,WHITE,NO,YES,1,60,Primary,1,Male,NA,Matched,NA,NA,NA,NA,NA,NA,ZB,0.8333333333,Thymus,TUMOR FREE,A,85
thym_tcga,TCGA-ZB-A96F,TCGA-ZB-A96F-01,NO,39,NA,NA,Thymic Tumor,Thymoma,NA,NA,NA,NA,1217,0,NA,57.85,0:DiseaseFree,NA,NOT HISPANIC OR LATINO,NA,0.2777,194,Thymoma; Type AB,No,No,C38.1,8582/3,C38.1,YES,2010,NO,NA,Video-assisted Thorascopic Surgery (VATS),NA,NA,12,NO,TRUE,THYM,57.85,0:LIVING,NA,173B805F-3088-43F6-A159-95FFF3581FD5,9E03D609-7D88-4CB3-861F-E7E58045749D,TCGA-ZB-A96F.3EC1FFEF-2852-4DBB-BCCB-9946B8645647.pdf,3EC1FFEF-2852-4DBB-BCCB-9946B8645647,NA,NA,NA,NO,NA,NO,WHITE,NO,YES,1,70,Primary,1,Male,NA,Matched,NA,NA,NA,NA,NA,NA,ZB,0.4,Thymus,TUMOR FREE,A,128
thym_tcga,TCGA-ZB-A96G,TCGA-ZB-A96G-01,NO,59,NA,NA,Thymic Tumor,Thymoma,NA,NA,NA,NA,1200,0,NA,52.76,0:DiseaseFree,NA,NOT HISPANIC OR LATINO,NA,0.0001,170,Thymoma; Type AB,No,No,C37,8582/3,C37.9,YES,2010,NO,NA,Lateral Thoracotomy,NA,NA,5,NO,TRUE,THYM,52.76,0:LIVING,NA,91F67F4E-B8B1-4455-83A6-4D96D04E8CA9,6EDF0A96-A7AD-4733-A63D-379A803E6375,TCGA-ZB-A96G.17576F98-1EBE-460F-983D-D088D9B4F235.pdf,17576F98-1EBE-460F-983D-D088D9B4F235,NA,NA,NA,NO,NA,NO,WHITE,YES,YES,1,90,Primary,1,Male,NA,Matched,NA,NA,NA,NA,NA,NA,ZB,0.2,Thymus,TUMOR FREE,A,78
thym_tcga,TCGA-ZB-A96H,TCGA-ZB-A96H-01,NO,73,NA,NA,Thymic Tumor,Thymoma,NA,NA,NA,NA,1162,0,NA,49.41,0:DiseaseFree,NA,NOT HISPANIC OR LATINO,NA,0.0059,166,Thymoma; Type A,No,No,C37,8581/3,C37.9,YES,2010,NO,NA,Lateral Thoracotomy,NA,NA,13,NO,TRUE,THYM,49.41,0:LIVING,NA,BAB3CE0B-D318-4791-AA17-D815EA23B62D,5817FC82-63FB-4A98-9FC1-D02643C522A4,TCGA-ZB-A96H.EB51C592-0BFA-4A5B-A4CE-D26DE6B510BB.pdf,EB51C592-0BFA-4A5B-A4CE-D26DE6B510BB,NA,NA,NA,NO,NA,NO,WHITE,YES,YES,1,90,Primary,1,Male,NA,Matched,NA,NA,NA,NA,NA,NA,ZB,0.4333333333,Thymus,TUMOR FREE,A,78
thym_tcga,TCGA-ZB-A96I,TCGA-ZB-A96I-01,NO,71,NA,NA,Thymic Tumor,Thymoma,NA,NA,NA,NA,1107,0,NA,54.3,0:DiseaseFree,NA,NOT HISPANIC OR LATINO,NA,0.222,156,Thymoma; Type AB,No,No,C38.1,8582/3,C38.1,YES,2010,NO,NA,Lateral Thoracotomy,NA,NA,22,NO,TRUE,THYM,54.3,0:LIVING,NA,8889F7A6-3F3D-417B-BF3E-9A2155C4786C,D9DFADDE-32D5-4162-9D84-8EBEC7BD7773,TCGA-ZB-A96I.FA6DC0F4-E9F6-4E35-BC7F-E87036CD34D7.pdf,FA6DC0F4-E9F6-4E35-BC7F-E87036CD34D7,NA,NA,NA,NO,NA,NO,WHITE,NO,YES,1,180,Primary,1,Female,NA,Matched,NA,NA,NA,NA,NA,NA,ZB,0.7333333333,Anterior Mediastinum,TUMOR FREE,A,44
thym_tcga,TCGA-ZB-A96K,TCGA-ZB-A96K-01,NO,69,NA,NA,Thymic Tumor,Thymoma,NA,NA,NA,NA,995,0,NA,45.6,0:DiseaseFree,NA,NOT HISPANIC OR LATINO,NA,0.0242,189,Thymoma; Type AB,No,Yes,C37,8582/3,C37.9,YES,2011,NO,NA,Lateral Thoracotomy,NA,NA,8,NO,TRUE,THYM,45.6,0:LIVING,NA,9627FF18-F5EE-4B34-A823-35EBE3C00A3F,7FBD3FD4-DEF7-4006-AB5D-3141DD0220A4,TCGA-ZB-A96K.EEE72B63-57E5-48A3-9ECA-4B959FEA1A22.pdf,EEE72B63-57E5-48A3-9ECA-4B959FEA1A22,NA,NA,NA,NO,NA,NO,WHITE,NO,YES,1,90,Primary,1,Male,NA,Matched,NA,NA,NA,NA,NA,NA,ZB,0.2666666667,Thymus,TUMOR FREE,A,91
thym_tcga,TCGA-ZB-A96L,TCGA-ZB-A96L-01,NO,70,NA,NA,Thymic Tumor,Thymoma,NA,NA,NA,NA,982,0,NA,50.23,0:DiseaseFree,NA,NOT HISPANIC OR LATINO,NA,0.1198,167,Thymoma; Type B3,No,No,C37,8585/3,C37.9,YES,2011,NO,NA,Lateral Thoracotomy,NA,NA,16,NO,TRUE,THYM,50.23,0:LIVING,NA,CFFD89D3-0D36-4B30-A676-E9D66E2C764B,6011C29D-219A-4001-8AFD-F374FDB8DDFD,TCGA-ZB-A96L.34552D21-69AE-4955-9BFB-57EA5DC127B2.pdf,34552D21-69AE-4955-9BFB-57EA5DC127B2,NA,NA,NA,NO,NA,NO,WHITE,NO,YES,1,90,Primary,1,Female,NA,Matched,NA,NA,NA,NA,NA,NA,ZB,0.5333333333,Thymus,TUMOR FREE,A,80
thym_tcga,TCGA-ZB-A96M,TCGA-ZB-A96M-01,NO,56,NA,NA,Thymic Tumor,Thymoma,NA,NA,NA,NA,876,0,NA,0.46,0:DiseaseFree,NA,NOT HISPANIC OR LATINO,NA,0,165,Thymoma; Type AB,No,No,C38.1,8582/3,C38.1,YES,2011,NO,NA,Median Sternectomy,NA,NA,12,NO,TRUE,THYM,0.46,0:LIVING,NA,3EAB80E6-21BC-45DD-A7B5-411A5DAD4E9A,091BDF91-19A5-44A0-A8A7-284144ECEADA,TCGA-ZB-A96M.B6168DA9-5373-45ED-9EE6-A26D819D9F5F.pdf,B6168DA9-5373-45ED-9EE6-A26D819D9F5F,NA,NA,NA,NO,NA,NO,WHITE,NO,YES,1,80,Primary,1,Female,NA,Matched,NA,NA,NA,NA,NA,NA,ZB,0.4,Thymus,TUMOR FREE,A,127
thym_tcga,TCGA-ZB-A96O,TCGA-ZB-A96O-01,NO,54,NA,NA,Thymic Tumor,Thymoma,NA,NA,NA,NA,506,0,NA,34.49,0:DiseaseFree,NA,NOT HISPANIC OR LATINO,NA,0,165,Thymoma; Type B1,No,No,C38.1,8583/3,C38.1,YES,2012,NO,NA,Lateral Thoracotomy,NA,NA,1,NO,TRUE,THYM,34.49,0:LIVING,NA,ACFBA23A-06EB-4FF1-BE60-0452A13A4978,0BA45982-1D33-4E3A-BD96-7F737BE58381,TCGA-ZB-A96O.18DAF7C5-4073-480D-BF00-DD68E3CE421A.pdf,18DAF7C5-4073-480D-BF00-DD68E3CE421A,NA,NA,NA,NO,NA,NO,WHITE,YES,YES,1,90,Primary,1,Female,NA,Matched,NA,NA,NA,NA,NA,NA,ZB,0.03333333333,Thymus,TUMOR FREE,A,95
thym_tcga,TCGA-ZB-A96P,TCGA-ZB-A96P-01,NO,73,NA,NA,Thymic Tumor,Thymoma,NA,NA,NA,NA,241,0,NA,24.74,0:DiseaseFree,NA,NOT HISPANIC OR LATINO,NA,0,165,Thymoma; Type B1,No,No,C38.1,8583/3,C38.1,YES,2013,NO,NA,Lateral Thoracotomy,NA,NA,1,NO,TRUE,THYM,24.74,0:LIVING,NA,B2CAB6AB-3B4A-408C-A331-9353DBC4FC0D,637A1BDD-5C98-4EA4-9AE3-19C6BAE7571C,TCGA-ZB-A96P.B5E9D93F-F53A-45A6-9C88-AFE898DDE746.pdf,B5E9D93F-F53A-45A6-9C88-AFE898DDE746,NA,NA,NA,NO,NA,NO,WHITE,NO,YES,1,140,Primary,1,Male,NA,Matched,NA,NA,NA,NA,NA,NA,ZB,0.03333333333,Thymus,TUMOR FREE,A,74
thym_tcga,TCGA-ZB-A96Q,TCGA-ZB-A96Q-01,NO,49,NA,NA,Thymic Tumor,Thymoma,NA,NA,NA,NA,150,0,NA,22.17,0:DiseaseFree,NA,NOT HISPANIC OR LATINO,NA,0.0001,177,Thymoma; Type AB,No,No,C37,8582/3,C37.9,YES,2013,NO,NA,Video-assisted Thorascopic Surgery (VATS),NA,NA,16,NO,TRUE,THYM,22.17,0:LIVING,NA,B39F3099-62B0-41C1-85A2-61989CEE0B60,E601AA2A-C0EA-432B-837D-D0785E195332,TCGA-ZB-A96Q.81A739C1-DA8F-4088-8B4D-1622E9A0218E.pdf,81A739C1-DA8F-4088-8B4D-1622E9A0218E,NA,NA,NA,NO,NA,NO,WHITE,YES,YES,1,120,Primary,1,Male,NA,Matched,NA,NA,NA,NA,NA,NA,ZB,0.5333333333,Thymus,TUMOR FREE,A,92
thym_tcga,TCGA-ZB-A96R,TCGA-ZB-A96R-01,NO,38,NA,NA,Thymic Tumor,Thymoma,NA,NA,NA,NA,1294,0,NA,59.26,0:DiseaseFree,NA,NOT HISPANIC OR LATINO,NA,0,190,Thymoma; Type B1|Thymoma; Type B2,No,No,C38.1,8584/3,C38.1,YES,2010,NO,NA,Lateral Thoracotomy,NA,NA,3,NO,TRUE,THYM,59.26,0:LIVING,NA,7AEF4DCF-0A4B-4848-BEAB-377394456BEE,DAEEFD46-49D6-4328-9B26-FF12EAE13429,TCGA-ZB-A96R.CF9F97E5-6141-4C69-9550-C1900EBA3C23.pdf,CF9F97E5-6141-4C69-9550-C1900EBA3C23,NA,NA,NA,NO,NA,NO,WHITE,YES,YES,1,210,Primary,1,Male,NA,Matched,NA,NA,NA,NA,NA,NA,ZB,0.1,Anterior Mediastinum,TUMOR FREE,A,88
thym_tcga,TCGA-ZB-A96V,TCGA-ZB-A96V-01,NO,44,NA,NA,Thymic Tumor,Thymoma,NA,NA,NA,NA,388,0,NA,30.62,0:DiseaseFree,NA,NOT HISPANIC OR LATINO,NA,0.1256,185,Thymoma; Type C,No,No,C38.1,8586/3,C38.1,YES,2012,NO,NA,Median Sternectomy,NA,NA,48,NO,TRUE,THYM,30.62,0:LIVING,NA,50072717-861C-4B60-B595-D8EA23BB1C67,11833FCC-2710-475A-8F74-3BF0BBE3B88B,TCGA-ZB-A96V.215F37AE-8910-41F9-95F9-E58E47F4E667.pdf,215F37AE-8910-41F9-95F9-E58E47F4E667,NA,NA,NA,NO,NA,NO,WHITE,YES,YES,1,110,Primary,1,Male,NA,Matched,NA,NA,NA,NA,NA,NA,ZB,1.6,Thymus,TUMOR FREE,A,96
thym_tcga,TCGA-ZC-AAA7,TCGA-ZC-AAA7-01,NO,63,NA,NA,Thymic Tumor,Thymoma,NA,NA,NA,NA,1919,0,NA,NA,NA,NA,NOT HISPANIC OR LATINO,NA,0.26,178,Thymoma; Type C,No,No,C37,8586/3,C37.9,YES,2008,NO,NA,Surgical Resection,NA,NA,60,NO,TRUE,THYM,28.02,1:DECEASED,NA,BD06627D-1E86-4212-B53B-082686ABEE7E,01113ADC-1BAE-4F7B-A1BB-2602521A8509,TCGA-ZC-AAA7.68641E71-3055-4C32-957E-F482B3BF4700.pdf,68641E71-3055-4C32-957E-F482B3BF4700,NA,NA,NA,YES,NA,YES,WHITE,NO,NO,1,360,Primary,1,Male,NA,Matched,NA,NA,NA,NA,NA,NA,ZC,1.966666667,Thymus,TUMOR FREE,A,67
thym_tcga,TCGA-ZC-AAAA,TCGA-ZC-AAAA-01,NO,39,NA,NA,Thymic Tumor,Thymoma,NA,NA,NA,NA,483,0,NA,4.5,1:Recurred/Progressed,NA,HISPANIC OR LATINO,NA,0,173,Thymoma; Type B2,No,No,C38.1,8584/3,C38.1,YES,2012,NO,NA,Median Sternectomy,NA,NA,3,YES,TRUE,THYM,26.91,0:LIVING,NA,67FF20BA-1B56-45AE-9310-19DD74401E67,3EA15CE7-3894-497B-87D1-C68AA60EE57B,TCGA-ZC-AAAA.EC05EFA3-AFAB-47BE-AC15-6477CA4BCAF2.pdf,EC05EFA3-AFAB-47BE-AC15-6477CA4BCAF2,NA,NA,NA,NO,NA,YES,WHITE,YES,NO,1,110,Primary,1,Male,NA,Matched,NA,NA,NA,NA,NA,NA,ZC,0.1,Anterior Mediastinum,WITH TUMOR,A,61
thym_tcga,TCGA-ZC-AAAF,TCGA-ZC-AAAF-01,NO,74,NA,NA,Thymic Tumor,Thymoma,NA,NA,NA,NA,828,0,NA,38.27,0:DiseaseFree,NA,NOT HISPANIC OR LATINO,NA,0.0001,165,Thymoma; Type AB,No,No,C38.1,8582/3,C38.1,YES,2011,NO,NA,Median Sternectomy,NA,NA,15,NO,TRUE,THYM,38.27,0:LIVING,NA,CD458290-F27B-479C-9B78-0AF23E7F63D9,9FF2131A-4FDF-40BE-8B2C-D33F9A6BAAD3,TCGA-ZC-AAAF.7664B2FA-9917-4A65-90B1-A567B073E269.pdf,7664B2FA-9917-4A65-90B1-A567B073E269,NA,NA,NA,NO,NA,YES,WHITE,NO,NO,1,90,Primary,1,Female,NA,Matched,NA,NA,NA,NA,NA,NA,ZC,0.5,Anterior Mediastinum,TUMOR FREE,A,68
thym_tcga,TCGA-ZC-AAAH,TCGA-ZC-AAAH-01,NO,52,NA,NA,Thymic Tumor,Thymoma,NA,NA,NA,NA,152,0,NA,5.45,1:Recurred/Progressed,NA,NA,NA,0,162,Thymoma; Type B2,No,No,C38.1,8584/3,C38.1,YES,2013,NO,NA,Median Sternectomy,NA,NA,1,YES,TRUE,THYM,16.33,0:LIVING,NA,3CC2D49B-A3A6-4F55-A355-68CBE84F4056,17C87439-9981-4E25-968E-0D29DB603E49,TCGA-ZC-AAAH.F8070912-ADA4-4A22-8DE2-4AA7F1B906C0.pdf,F8070912-ADA4-4A22-8DE2-4AA7F1B906C0,NA,NA,NA,NO,NA,YES,WHITE,NO,NO,1,1170,Primary,1,Male,NA,Matched,NA,NA,NA,NA,NA,NA,ZC,0.03333333333,Anterior Mediastinum,TUMOR FREE,A,70
thym_tcga,TCGA-ZL-A9V6,TCGA-ZL-A9V6-01,NO,61,NA,NA,Thymic Tumor,Thymoma,NA,NA,NA,NA,1845,0,NA,68.86,0:DiseaseFree,NA,NA,NA,0,175,Thymoma; Type AB,No,No,C37,8582/3,C37.9,YES,2008,NO,NA,Median Sternectomy,NA,NA,19,NO,TRUE,THYM,68.86,0:LIVING,NA,4A2F3F77-7EEA-4BB1-92BD-2D595E23AB88,D07573E8-720E-4991-85CE-14AACA197EB5,TCGA-ZL-A9V6.6096FD4A-5F13-4A71-BB63-34432CCCE3CC.pdf,6096FD4A-5F13-4A71-BB63-34432CCCE3CC,NA,NA,NA,NO,NA,NO,WHITE,NO,YES,1,500,Primary,1,Male,NA,Matched,NA,NA,NA,NA,NA,NA,ZL,0.6333333333,Thymus,TUMOR FREE,A,155
thym_tcga,TCGA-ZT-A8OM,TCGA-ZT-A8OM-01,NA,73,NA,NA,Thymic Tumor,Thymoma,NA,NA,NA,NA,847,0,NA,45.93,0:DiseaseFree,NA,NOT HISPANIC OR LATINO,NA,0,172,Thymoma; Type A,No,No,C76.1,8581/1,C76.1,YES,2011,NO,NA,Surgical Resection,NA,NA,8,NO,FALSE,THYM,45.93,0:LIVING,NA,D9816402-1073-4B19-BA16-1C7E7C00FBB3,5324926C-6BF4-44B5-B98B-E549B4769171,TCGA-ZT-A8OM.F9F314F7-2616-489B-8484-475F78023760.pdf,F9F314F7-2616-489B-8484-475F78023760,NA,NA,NA,NA,NA,YES,WHITE,NA,NO,1,60,Primary,1,Female,NA,Matched,NA,NA,NA,NA,NA,NA,ZT,0.2666666667,Anterior Mediastinum,NA,A,70